name,unit,avg,count,max,min,std,sum,architectures,benchmarks,benchmarkStart,bots,builds,deviceIds,displayLabel,masters,memoryAmounts,osNames,osVersions,productVersions,stories,storysetRepeats,traceStart,traceUrls
timeToFirstContentfulPaint:composite,ms,0.514,1,0.514,0.514,0,0.514,armeabi-v7a,loading.mobile,2019-05-13 19:43:25,,,02cf35f5d023e161,loading.mobile 2019-05-13 19:43:25,,,android,M,,Trello,1,2019-05-13 19:46:27,file:///home/ehsan/chromium/src/tools/perf/Trello_2019-05-14_00-46-27_37430.html
trace_import_duration,ms,3211.905,1,3211.905,3211.905,0,3211.905,armeabi-v7a,loading.mobile,2019-05-13 19:43:25,,,02cf35f5d023e161,loading.mobile 2019-05-13 19:43:25,,,android,M,,4Chan,0,2019-05-13 19:45:13,file:///home/ehsan/chromium/src/tools/perf/4Chan_2019-05-14_00-45-13_62093.html
timeToFirstContentfulPaint:record,ms,81.164,1,81.164,81.164,0,81.164,armeabi-v7a,loading.mobile,2019-05-13 19:43:25,,,02cf35f5d023e161,loading.mobile 2019-05-13 19:43:25,,,android,M,,Paypal,1,2019-05-13 19:47:24,file:///home/ehsan/chromium/src/tools/perf/Paypal_2019-05-14_00-47-24_75676.html
metrics_duration,ms,3345.274,1,3345.274,3345.274,0,3345.274,armeabi-v7a,loading.mobile,2019-05-13 19:43:25,,,02cf35f5d023e161,loading.mobile 2019-05-13 19:43:25,,,android,M,,Live,1,2019-05-13 19:48:51,file:///home/ehsan/chromium/src/tools/perf/Live_2019-05-14_00-48-51_24581.html
timeToFirstContentfulPaint:renderer_misc,ms,0,1,0,0,0,0,armeabi-v7a,loading.mobile,2019-05-13 19:43:25,,,02cf35f5d023e161,loading.mobile 2019-05-13 19:43:25,,,android,M,,Live,0,2019-05-13 19:45:48,file:///home/ehsan/chromium/src/tools/perf/Live_2019-05-14_00-45-48_66596.html
timeToFirstContentfulPaint:imageDecode,ms,0,1,0,0,0,0,armeabi-v7a,loading.mobile,2019-05-13 19:43:25,,,02cf35f5d023e161,loading.mobile 2019-05-13 19:43:25,,,android,M,,Live,0,2019-05-13 19:45:48,file:///home/ehsan/chromium/src/tools/perf/Live_2019-05-14_00-45-48_66596.html
timeToFirstContentfulPaint:idle,ms,2365.187,1,2365.187,2365.187,0,2365.187,armeabi-v7a,loading.mobile,2019-05-13 19:43:25,,,02cf35f5d023e161,loading.mobile 2019-05-13 19:43:25,,,android,M,,Paypal,1,2019-05-13 19:47:24,file:///home/ehsan/chromium/src/tools/perf/Paypal_2019-05-14_00-47-24_75676.html
timeToFirstContentfulPaint:raster,ms,0,1,0,0,0,0,armeabi-v7a,loading.mobile,2019-05-13 19:43:25,,,02cf35f5d023e161,loading.mobile 2019-05-13 19:43:25,,,android,M,,4Chan,0,2019-05-13 19:45:13,file:///home/ehsan/chromium/src/tools/perf/4Chan_2019-05-14_00-45-13_62093.html
timeToFirstContentfulPaint:gpu,ms,0,1,0,0,0,0,armeabi-v7a,loading.mobile,2019-05-13 19:43:25,,,02cf35f5d023e161,loading.mobile 2019-05-13 19:43:25,,,android,M,,Trello,1,2019-05-13 19:46:27,file:///home/ehsan/chromium/src/tools/perf/Trello_2019-05-14_00-46-27_37430.html
metrics_duration,ms,4451.085,1,4451.085,4451.085,0,4451.085,armeabi-v7a,loading.mobile,2019-05-13 19:43:25,,,02cf35f5d023e161,loading.mobile 2019-05-13 19:43:25,,,android,M,,Trello,1,2019-05-13 19:46:27,file:///home/ehsan/chromium/src/tools/perf/Trello_2019-05-14_00-46-27_37430.html
timeToFirstContentfulPaint:input,ms,0,1,0,0,0,0,armeabi-v7a,loading.mobile,2019-05-13 19:43:25,,,02cf35f5d023e161,loading.mobile 2019-05-13 19:43:25,,,android,M,,Paypal,0,2019-05-13 19:44:22,file:///home/ehsan/chromium/src/tools/perf/Paypal_2019-05-14_00-44-22_15936.html
timeToFirstPaint,ms,6141.059,1,6141.059,6141.059,0,6141.059,armeabi-v7a,loading.mobile,2019-05-13 19:43:25,,,02cf35f5d023e161,loading.mobile 2019-05-13 19:43:25,,,android,M,,Live,0,2019-05-13 19:45:48,file:///home/ehsan/chromium/src/tools/perf/Live_2019-05-14_00-45-48_66596.html
timeToFirstContentfulPaint:other,ms,1004.872,1,1004.872,1004.872,0,1004.872,armeabi-v7a,loading.mobile,2019-05-13 19:43:25,,,02cf35f5d023e161,loading.mobile 2019-05-13 19:43:25,,,android,M,,4Chan,0,2019-05-13 19:45:13,file:///home/ehsan/chromium/src/tools/perf/4Chan_2019-05-14_00-45-13_62093.html
timeToFirstCpuIdle,ms,,0,-Infinity,Infinity,,0,armeabi-v7a,loading.mobile,2019-05-13 19:43:25,,,02cf35f5d023e161,loading.mobile 2019-05-13 19:43:25,,,android,M,,Trello,1,2019-05-13 19:46:27,file:///home/ehsan/chromium/src/tools/perf/Trello_2019-05-14_00-46-27_37430.html
timeToFirstCpuIdle,ms,,0,-Infinity,Infinity,,0,armeabi-v7a,loading.mobile,2019-05-13 19:43:25,,,02cf35f5d023e161,loading.mobile 2019-05-13 19:43:25,,,android,M,,Paypal,0,2019-05-13 19:44:22,file:///home/ehsan/chromium/src/tools/perf/Paypal_2019-05-14_00-44-22_15936.html
timeToFirstContentfulPaint,ms,4613.845,1,4613.845,4613.845,0,4613.845,armeabi-v7a,loading.mobile,2019-05-13 19:43:25,,,02cf35f5d023e161,loading.mobile 2019-05-13 19:43:25,,,android,M,,4Chan,0,2019-05-13 19:45:13,file:///home/ehsan/chromium/src/tools/perf/4Chan_2019-05-14_00-45-13_62093.html
timeToFirstContentfulPaint:layout,ms,268.701,1,268.701,268.701,0,268.701,armeabi-v7a,loading.mobile,2019-05-13 19:43:25,,,02cf35f5d023e161,loading.mobile 2019-05-13 19:43:25,,,android,M,,Paypal,0,2019-05-13 19:44:22,file:///home/ehsan/chromium/src/tools/perf/Paypal_2019-05-14_00-44-22_15936.html
timeToFirstContentfulPaint:net,ms,0,1,0,0,0,0,armeabi-v7a,loading.mobile,2019-05-13 19:43:25,,,02cf35f5d023e161,loading.mobile 2019-05-13 19:43:25,,,android,M,,4Chan,0,2019-05-13 19:45:13,file:///home/ehsan/chromium/src/tools/perf/4Chan_2019-05-14_00-45-13_62093.html
timeToFirstPaint,ms,4613.828,1,4613.828,4613.828,0,4613.828,armeabi-v7a,loading.mobile,2019-05-13 19:43:25,,,02cf35f5d023e161,loading.mobile 2019-05-13 19:43:25,,,android,M,,4Chan,0,2019-05-13 19:45:13,file:///home/ehsan/chromium/src/tools/perf/4Chan_2019-05-14_00-45-13_62093.html
timeToFirstContentfulPaint:parseHTML,ms,89.658,1,89.658,89.658,0,89.658,armeabi-v7a,loading.mobile,2019-05-13 19:43:25,,,02cf35f5d023e161,loading.mobile 2019-05-13 19:43:25,,,android,M,,Live,0,2019-05-13 19:45:48,file:///home/ehsan/chromium/src/tools/perf/Live_2019-05-14_00-45-48_66596.html
timeToFirstPaint,ms,6342.148,1,6342.148,6342.148,0,6342.148,armeabi-v7a,loading.mobile,2019-05-13 19:43:25,,,02cf35f5d023e161,loading.mobile 2019-05-13 19:43:25,,,android,M,,Live,1,2019-05-13 19:48:51,file:///home/ehsan/chromium/src/tools/perf/Live_2019-05-14_00-48-51_24581.html
timeToFirstContentfulPaint:renderer_misc,ms,0,1,0,0,0,0,armeabi-v7a,loading.mobile,2019-05-13 19:43:25,,,02cf35f5d023e161,loading.mobile 2019-05-13 19:43:25,,,android,M,,Paypal,1,2019-05-13 19:47:24,file:///home/ehsan/chromium/src/tools/perf/Paypal_2019-05-14_00-47-24_75676.html
loadingMetric_duration,ms,89,1,89,89,0,89,armeabi-v7a,loading.mobile,2019-05-13 19:43:25,,,02cf35f5d023e161,loading.mobile 2019-05-13 19:43:25,,,android,M,,4Chan,0,2019-05-13 19:45:13,file:///home/ehsan/chromium/src/tools/perf/4Chan_2019-05-14_00-45-13_62093.html
timeToFirstContentfulPaint:script_parse_and_compile,ms,0,1,0,0,0,0,armeabi-v7a,loading.mobile,2019-05-13 19:43:25,,,02cf35f5d023e161,loading.mobile 2019-05-13 19:43:25,,,android,M,,Live,1,2019-05-13 19:48:51,file:///home/ehsan/chromium/src/tools/perf/Live_2019-05-14_00-48-51_24581.html
timeToFirstContentfulPaint,ms,6141.075,1,6141.075,6141.075,0,6141.075,armeabi-v7a,loading.mobile,2019-05-13 19:43:25,,,02cf35f5d023e161,loading.mobile 2019-05-13 19:43:25,,,android,M,,Live,0,2019-05-13 19:45:48,file:///home/ehsan/chromium/src/tools/perf/Live_2019-05-14_00-45-48_66596.html
timeToFirstContentfulPaint:startup,ms,8.24,1,8.24,8.24,0,8.24,armeabi-v7a,loading.mobile,2019-05-13 19:43:25,,,02cf35f5d023e161,loading.mobile 2019-05-13 19:43:25,,,android,M,,Live,0,2019-05-13 19:45:48,file:///home/ehsan/chromium/src/tools/perf/Live_2019-05-14_00-45-48_66596.html
timeToFirstContentfulPaint:style,ms,491.806,1,491.806,491.806,0,491.806,armeabi-v7a,loading.mobile,2019-05-13 19:43:25,,,02cf35f5d023e161,loading.mobile 2019-05-13 19:43:25,,,android,M,,Paypal,0,2019-05-13 19:44:22,file:///home/ehsan/chromium/src/tools/perf/Paypal_2019-05-14_00-44-22_15936.html
timeToFirstContentfulPaint:renderer_misc,ms,0,1,0,0,0,0,armeabi-v7a,loading.mobile,2019-05-13 19:43:25,,,02cf35f5d023e161,loading.mobile 2019-05-13 19:43:25,,,android,M,,4Chan,0,2019-05-13 19:45:13,file:///home/ehsan/chromium/src/tools/perf/4Chan_2019-05-14_00-45-13_62093.html
timeToFirstViewportReady,ms,,0,-Infinity,Infinity,,0,armeabi-v7a,loading.mobile,2019-05-13 19:43:25,,,02cf35f5d023e161,loading.mobile 2019-05-13 19:43:25,,,android,M,,Live,1,2019-05-13 19:48:51,file:///home/ehsan/chromium/src/tools/perf/Live_2019-05-14_00-48-51_24581.html
timeToFirstContentfulPaint:parseHTML,ms,505.718,1,505.718,505.718,0,505.718,armeabi-v7a,loading.mobile,2019-05-13 19:43:25,,,02cf35f5d023e161,loading.mobile 2019-05-13 19:43:25,,,android,M,,Paypal,1,2019-05-13 19:47:24,file:///home/ehsan/chromium/src/tools/perf/Paypal_2019-05-14_00-47-24_75676.html
timeToFirstViewportReady,ms,,0,-Infinity,Infinity,,0,armeabi-v7a,loading.mobile,2019-05-13 19:43:25,,,02cf35f5d023e161,loading.mobile 2019-05-13 19:43:25,,,android,M,,Trello,1,2019-05-13 19:46:27,file:///home/ehsan/chromium/src/tools/perf/Trello_2019-05-14_00-46-27_37430.html
timeToFirstContentfulPaint:composite,ms,0.634,1,0.634,0.634,0,0.634,armeabi-v7a,loading.mobile,2019-05-13 19:43:25,,,02cf35f5d023e161,loading.mobile 2019-05-13 19:43:25,,,android,M,,4Chan,0,2019-05-13 19:45:13,file:///home/ehsan/chromium/src/tools/perf/4Chan_2019-05-14_00-45-13_62093.html
timeToOnload,ms,15734.352,1,15734.352,15734.352,0,15734.352,armeabi-v7a,loading.mobile,2019-05-13 19:43:25,,,02cf35f5d023e161,loading.mobile 2019-05-13 19:43:25,,,android,M,,Trello,1,2019-05-13 19:46:27,file:///home/ehsan/chromium/src/tools/perf/Trello_2019-05-14_00-46-27_37430.html
timeToOnload,ms,4891.224,1,4891.224,4891.224,0,4891.224,armeabi-v7a,loading.mobile,2019-05-13 19:43:25,,,02cf35f5d023e161,loading.mobile 2019-05-13 19:43:25,,,android,M,,Paypal,1,2019-05-13 19:47:24,file:///home/ehsan/chromium/src/tools/perf/Paypal_2019-05-14_00-47-24_75676.html
timeToOnload,ms,4877.415,1,4877.415,4877.415,0,4877.415,armeabi-v7a,loading.mobile,2019-05-13 19:43:25,,,02cf35f5d023e161,loading.mobile 2019-05-13 19:43:25,,,android,M,,Paypal,0,2019-05-13 19:44:22,file:///home/ehsan/chromium/src/tools/perf/Paypal_2019-05-14_00-44-22_15936.html
timeToFirstContentfulPaint:parseHTML,ms,152.971,1,152.971,152.971,0,152.971,armeabi-v7a,loading.mobile,2019-05-13 19:43:25,,,02cf35f5d023e161,loading.mobile 2019-05-13 19:43:25,,,android,M,,Live,1,2019-05-13 19:48:51,file:///home/ehsan/chromium/src/tools/perf/Live_2019-05-14_00-48-51_24581.html
timeToFirstContentfulPaint:composite,ms,0.516,1,0.516,0.516,0,0.516,armeabi-v7a,loading.mobile,2019-05-13 19:43:25,,,02cf35f5d023e161,loading.mobile 2019-05-13 19:43:25,,,android,M,,Trello,0,2019-05-13 19:43:28,file:///home/ehsan/chromium/src/tools/perf/Trello_2019-05-14_00-43-28_92030.html
timeToFirstContentfulPaint:resource_loading,ms,310.633,1,310.633,310.633,0,310.633,armeabi-v7a,loading.mobile,2019-05-13 19:43:25,,,02cf35f5d023e161,loading.mobile 2019-05-13 19:43:25,,,android,M,,4Chan,0,2019-05-13 19:45:13,file:///home/ehsan/chromium/src/tools/perf/4Chan_2019-05-14_00-45-13_62093.html
timeToFirstContentfulPaint:iframe_creation,ms,0,1,0,0,0,0,armeabi-v7a,loading.mobile,2019-05-13 19:43:25,,,02cf35f5d023e161,loading.mobile 2019-05-13 19:43:25,,,android,M,,Trello,1,2019-05-13 19:46:27,file:///home/ehsan/chromium/src/tools/perf/Trello_2019-05-14_00-46-27_37430.html
timeToFirstContentfulPaint:script_parse_and_compile,ms,0,1,0,0,0,0,armeabi-v7a,loading.mobile,2019-05-13 19:43:25,,,02cf35f5d023e161,loading.mobile 2019-05-13 19:43:25,,,android,M,,Trello,1,2019-05-13 19:46:27,file:///home/ehsan/chromium/src/tools/perf/Trello_2019-05-14_00-46-27_37430.html
cpuTimeToFirstMeaningfulPaint,ms,854.907,1,854.907,854.907,0,854.907,armeabi-v7a,loading.mobile,2019-05-13 19:43:25,,,02cf35f5d023e161,loading.mobile 2019-05-13 19:43:25,,,android,M,,4Chan,1,2019-05-13 19:48:14,file:///home/ehsan/chromium/src/tools/perf/4Chan_2019-05-14_00-48-14_36044.html
timeToFirstContentfulPaint:other,ms,986.104,1,986.104,986.104,0,986.104,armeabi-v7a,loading.mobile,2019-05-13 19:43:25,,,02cf35f5d023e161,loading.mobile 2019-05-13 19:43:25,,,android,M,,Paypal,0,2019-05-13 19:44:22,file:///home/ehsan/chromium/src/tools/perf/Paypal_2019-05-14_00-44-22_15936.html
timeToFirstContentfulPaint:blocked_on_network,ms,0.266,1,0.266,0.266,0,0.266,armeabi-v7a,loading.mobile,2019-05-13 19:43:25,,,02cf35f5d023e161,loading.mobile 2019-05-13 19:43:25,,,android,M,,4Chan,0,2019-05-13 19:45:13,file:///home/ehsan/chromium/src/tools/perf/4Chan_2019-05-14_00-45-13_62093.html
aboveTheFoldLoadedToVisible,ms,,0,-Infinity,Infinity,,0,armeabi-v7a,loading.mobile,2019-05-13 19:43:25,,,02cf35f5d023e161,loading.mobile 2019-05-13 19:43:25,,,android,M,,Paypal,0,2019-05-13 19:44:22,file:///home/ehsan/chromium/src/tools/perf/Paypal_2019-05-14_00-44-22_15936.html
timeToFirstContentfulPaint:gpu,ms,0,1,0,0,0,0,armeabi-v7a,loading.mobile,2019-05-13 19:43:25,,,02cf35f5d023e161,loading.mobile 2019-05-13 19:43:25,,,android,M,,4Chan,0,2019-05-13 19:45:13,file:///home/ehsan/chromium/src/tools/perf/4Chan_2019-05-14_00-45-13_62093.html
timeToFirstContentfulPaint:gpu,ms,0,1,0,0,0,0,armeabi-v7a,loading.mobile,2019-05-13 19:43:25,,,02cf35f5d023e161,loading.mobile 2019-05-13 19:43:25,,,android,M,,Paypal,0,2019-05-13 19:44:22,file:///home/ehsan/chromium/src/tools/perf/Paypal_2019-05-14_00-44-22_15936.html
timeToFirstContentfulPaint:resource_loading,ms,112.264,1,112.264,112.264,0,112.264,armeabi-v7a,loading.mobile,2019-05-13 19:43:25,,,02cf35f5d023e161,loading.mobile 2019-05-13 19:43:25,,,android,M,,Live,0,2019-05-13 19:45:48,file:///home/ehsan/chromium/src/tools/perf/Live_2019-05-14_00-45-48_66596.html
timeToFirstContentfulPaint:gc,ms,0,1,0,0,0,0,armeabi-v7a,loading.mobile,2019-05-13 19:43:25,,,02cf35f5d023e161,loading.mobile 2019-05-13 19:43:25,,,android,M,,Trello,1,2019-05-13 19:46:27,file:///home/ehsan/chromium/src/tools/perf/Trello_2019-05-14_00-46-27_37430.html
timeToFirstContentfulPaint:imageDecode,ms,0,1,0,0,0,0,armeabi-v7a,loading.mobile,2019-05-13 19:43:25,,,02cf35f5d023e161,loading.mobile 2019-05-13 19:43:25,,,android,M,,Paypal,0,2019-05-13 19:44:22,file:///home/ehsan/chromium/src/tools/perf/Paypal_2019-05-14_00-44-22_15936.html
timeToFirstContentfulPaint:other,ms,2029.199,1,2029.199,2029.199,0,2029.199,armeabi-v7a,loading.mobile,2019-05-13 19:43:25,,,02cf35f5d023e161,loading.mobile 2019-05-13 19:43:25,,,android,M,,Trello,1,2019-05-13 19:46:27,file:///home/ehsan/chromium/src/tools/perf/Trello_2019-05-14_00-46-27_37430.html
timeToFirstContentfulPaint:script_parse_and_compile,ms,0,1,0,0,0,0,armeabi-v7a,loading.mobile,2019-05-13 19:43:25,,,02cf35f5d023e161,loading.mobile 2019-05-13 19:43:25,,,android,M,,Paypal,0,2019-05-13 19:44:22,file:///home/ehsan/chromium/src/tools/perf/Paypal_2019-05-14_00-44-22_15936.html
timeToFirstContentfulPaint:iframe_creation,ms,0,1,0,0,0,0,armeabi-v7a,loading.mobile,2019-05-13 19:43:25,,,02cf35f5d023e161,loading.mobile 2019-05-13 19:43:25,,,android,M,,Paypal,1,2019-05-13 19:47:24,file:///home/ehsan/chromium/src/tools/perf/Paypal_2019-05-14_00-47-24_75676.html
timeToFirstMeaningfulPaint,ms,4613.859,1,4613.859,4613.859,0,4613.859,armeabi-v7a,loading.mobile,2019-05-13 19:43:25,,,02cf35f5d023e161,loading.mobile 2019-05-13 19:43:25,,,android,M,,4Chan,0,2019-05-13 19:45:13,file:///home/ehsan/chromium/src/tools/perf/4Chan_2019-05-14_00-45-13_62093.html
timeToFirstContentfulPaint:layout,ms,136.438,1,136.438,136.438,0,136.438,armeabi-v7a,loading.mobile,2019-05-13 19:43:25,,,02cf35f5d023e161,loading.mobile 2019-05-13 19:43:25,,,android,M,,Live,0,2019-05-13 19:45:48,file:///home/ehsan/chromium/src/tools/perf/Live_2019-05-14_00-45-48_66596.html
timeToFirstContentfulPaint:overhead,ms,0,1,0,0,0,0,armeabi-v7a,loading.mobile,2019-05-13 19:43:25,,,02cf35f5d023e161,loading.mobile 2019-05-13 19:43:25,,,android,M,,Paypal,0,2019-05-13 19:44:22,file:///home/ehsan/chromium/src/tools/perf/Paypal_2019-05-14_00-44-22_15936.html
timeToFirstContentfulPaint:script_execute,ms,0,1,0,0,0,0,armeabi-v7a,loading.mobile,2019-05-13 19:43:25,,,02cf35f5d023e161,loading.mobile 2019-05-13 19:43:25,,,android,M,,Live,1,2019-05-13 19:48:51,file:///home/ehsan/chromium/src/tools/perf/Live_2019-05-14_00-48-51_24581.html
timeToFirstContentfulPaint:gc,ms,0,1,0,0,0,0,armeabi-v7a,loading.mobile,2019-05-13 19:43:25,,,02cf35f5d023e161,loading.mobile 2019-05-13 19:43:25,,,android,M,,Trello,0,2019-05-13 19:43:28,file:///home/ehsan/chromium/src/tools/perf/Trello_2019-05-14_00-43-28_92030.html
timeToFirstContentfulPaint:raster,ms,0,1,0,0,0,0,armeabi-v7a,loading.mobile,2019-05-13 19:43:25,,,02cf35f5d023e161,loading.mobile 2019-05-13 19:43:25,,,android,M,,Live,1,2019-05-13 19:48:51,file:///home/ehsan/chromium/src/tools/perf/Live_2019-05-14_00-48-51_24581.html
timeToFirstContentfulPaint,ms,4930.066,1,4930.066,4930.066,0,4930.066,armeabi-v7a,loading.mobile,2019-05-13 19:43:25,,,02cf35f5d023e161,loading.mobile 2019-05-13 19:43:25,,,android,M,,Paypal,1,2019-05-13 19:47:24,file:///home/ehsan/chromium/src/tools/perf/Paypal_2019-05-14_00-47-24_75676.html
trace_import_duration,ms,3215.086,1,3215.086,3215.086,0,3215.086,armeabi-v7a,loading.mobile,2019-05-13 19:43:25,,,02cf35f5d023e161,loading.mobile 2019-05-13 19:43:25,,,android,M,,Paypal,0,2019-05-13 19:44:22,file:///home/ehsan/chromium/src/tools/perf/Paypal_2019-05-14_00-44-22_15936.html
timeToFirstContentfulPaint:startup,ms,8.654,1,8.654,8.654,0,8.654,armeabi-v7a,loading.mobile,2019-05-13 19:43:25,,,02cf35f5d023e161,loading.mobile 2019-05-13 19:43:25,,,android,M,,Trello,1,2019-05-13 19:46:27,file:///home/ehsan/chromium/src/tools/perf/Trello_2019-05-14_00-46-27_37430.html
timeToFirstContentfulPaint:script_parse_and_compile,ms,0,1,0,0,0,0,armeabi-v7a,loading.mobile,2019-05-13 19:43:25,,,02cf35f5d023e161,loading.mobile 2019-05-13 19:43:25,,,android,M,,4Chan,0,2019-05-13 19:45:13,file:///home/ehsan/chromium/src/tools/perf/4Chan_2019-05-14_00-45-13_62093.html
aboveTheFoldLoadedToVisible,ms,,0,-Infinity,Infinity,,0,armeabi-v7a,loading.mobile,2019-05-13 19:43:25,,,02cf35f5d023e161,loading.mobile 2019-05-13 19:43:25,,,android,M,,Trello,1,2019-05-13 19:46:27,file:///home/ehsan/chromium/src/tools/perf/Trello_2019-05-14_00-46-27_37430.html
timeToFirstContentfulPaint:parseHTML,ms,1340.666,1,1340.666,1340.666,0,1340.666,armeabi-v7a,loading.mobile,2019-05-13 19:43:25,,,02cf35f5d023e161,loading.mobile 2019-05-13 19:43:25,,,android,M,,Trello,1,2019-05-13 19:46:27,file:///home/ehsan/chromium/src/tools/perf/Trello_2019-05-14_00-46-27_37430.html
timeToFirstContentfulPaint:renderer_misc,ms,0,1,0,0,0,0,armeabi-v7a,loading.mobile,2019-05-13 19:43:25,,,02cf35f5d023e161,loading.mobile 2019-05-13 19:43:25,,,android,M,,Paypal,0,2019-05-13 19:44:22,file:///home/ehsan/chromium/src/tools/perf/Paypal_2019-05-14_00-44-22_15936.html
timeToFirstPaint,ms,4930.049,1,4930.049,4930.049,0,4930.049,armeabi-v7a,loading.mobile,2019-05-13 19:43:25,,,02cf35f5d023e161,loading.mobile 2019-05-13 19:43:25,,,android,M,,Paypal,1,2019-05-13 19:47:24,file:///home/ehsan/chromium/src/tools/perf/Paypal_2019-05-14_00-47-24_75676.html
timeToFirstContentfulPaint:raster,ms,0,1,0,0,0,0,armeabi-v7a,loading.mobile,2019-05-13 19:43:25,,,02cf35f5d023e161,loading.mobile 2019-05-13 19:43:25,,,android,M,,Trello,0,2019-05-13 19:43:28,file:///home/ehsan/chromium/src/tools/perf/Trello_2019-05-14_00-43-28_92030.html
timeToFirstContentfulPaint:other,ms,2385.207,1,2385.207,2385.207,0,2385.207,armeabi-v7a,loading.mobile,2019-05-13 19:43:25,,,02cf35f5d023e161,loading.mobile 2019-05-13 19:43:25,,,android,M,,Trello,0,2019-05-13 19:43:28,file:///home/ehsan/chromium/src/tools/perf/Trello_2019-05-14_00-43-28_92030.html
timeToFirstContentfulPaint:iframe_creation,ms,0,1,0,0,0,0,armeabi-v7a,loading.mobile,2019-05-13 19:43:25,,,02cf35f5d023e161,loading.mobile 2019-05-13 19:43:25,,,android,M,,4Chan,0,2019-05-13 19:45:13,file:///home/ehsan/chromium/src/tools/perf/4Chan_2019-05-14_00-45-13_62093.html
cpuTimeToFirstContentfulPaint,ms,1958.251,1,1958.251,1958.251,0,1958.251,armeabi-v7a,loading.mobile,2019-05-13 19:43:25,,,02cf35f5d023e161,loading.mobile 2019-05-13 19:43:25,,,android,M,,Trello,0,2019-05-13 19:43:28,file:///home/ehsan/chromium/src/tools/perf/Trello_2019-05-14_00-43-28_92030.html
timeToFirstContentfulPaint:style,ms,41.211,1,41.211,41.211,0,41.211,armeabi-v7a,loading.mobile,2019-05-13 19:43:25,,,02cf35f5d023e161,loading.mobile 2019-05-13 19:43:25,,,android,M,,Live,0,2019-05-13 19:45:48,file:///home/ehsan/chromium/src/tools/perf/Live_2019-05-14_00-45-48_66596.html
timeToFirstContentfulPaint:blocked_on_network,ms,2.237,1,2.237,2.237,0,2.237,armeabi-v7a,loading.mobile,2019-05-13 19:43:25,,,02cf35f5d023e161,loading.mobile 2019-05-13 19:43:25,,,android,M,,Trello,0,2019-05-13 19:43:28,file:///home/ehsan/chromium/src/tools/perf/Trello_2019-05-14_00-43-28_92030.html
timeToInteractive,ms,,0,-Infinity,Infinity,,0,armeabi-v7a,loading.mobile,2019-05-13 19:43:25,,,02cf35f5d023e161,loading.mobile 2019-05-13 19:43:25,,,android,M,,4Chan,1,2019-05-13 19:48:14,file:///home/ehsan/chromium/src/tools/perf/4Chan_2019-05-14_00-48-14_36044.html
timeToFirstContentfulPaint:startup,ms,8.908,1,8.908,8.908,0,8.908,armeabi-v7a,loading.mobile,2019-05-13 19:43:25,,,02cf35f5d023e161,loading.mobile 2019-05-13 19:43:25,,,android,M,,4Chan,0,2019-05-13 19:45:13,file:///home/ehsan/chromium/src/tools/perf/4Chan_2019-05-14_00-45-13_62093.html
timeToFirstContentfulPaint:layout,ms,252.766,1,252.766,252.766,0,252.766,armeabi-v7a,loading.mobile,2019-05-13 19:43:25,,,02cf35f5d023e161,loading.mobile 2019-05-13 19:43:25,,,android,M,,Trello,0,2019-05-13 19:43:28,file:///home/ehsan/chromium/src/tools/perf/Trello_2019-05-14_00-43-28_92030.html
timeToFirstContentfulPaint:composite,ms,0.698,1,0.698,0.698,0,0.698,armeabi-v7a,loading.mobile,2019-05-13 19:43:25,,,02cf35f5d023e161,loading.mobile 2019-05-13 19:43:25,,,android,M,,Paypal,0,2019-05-13 19:44:22,file:///home/ehsan/chromium/src/tools/perf/Paypal_2019-05-14_00-44-22_15936.html
timeToFirstContentfulPaint:script_parse_and_compile,ms,0,1,0,0,0,0,armeabi-v7a,loading.mobile,2019-05-13 19:43:25,,,02cf35f5d023e161,loading.mobile 2019-05-13 19:43:25,,,android,M,,Trello,0,2019-05-13 19:43:28,file:///home/ehsan/chromium/src/tools/perf/Trello_2019-05-14_00-43-28_92030.html
timeToFirstCpuIdle,ms,,0,-Infinity,Infinity,,0,armeabi-v7a,loading.mobile,2019-05-13 19:43:25,,,02cf35f5d023e161,loading.mobile 2019-05-13 19:43:25,,,android,M,,4Chan,0,2019-05-13 19:45:13,file:///home/ehsan/chromium/src/tools/perf/4Chan_2019-05-14_00-45-13_62093.html
aboveTheFoldLoadedToVisible,ms,,0,-Infinity,Infinity,,0,armeabi-v7a,loading.mobile,2019-05-13 19:43:25,,,02cf35f5d023e161,loading.mobile 2019-05-13 19:43:25,,,android,M,,4Chan,0,2019-05-13 19:45:13,file:///home/ehsan/chromium/src/tools/perf/4Chan_2019-05-14_00-45-13_62093.html
cpuTimeToFirstMeaningfulPaint,ms,848.118,1,848.118,848.118,0,848.118,armeabi-v7a,loading.mobile,2019-05-13 19:43:25,,,02cf35f5d023e161,loading.mobile 2019-05-13 19:43:25,,,android,M,,4Chan,0,2019-05-13 19:45:13,file:///home/ehsan/chromium/src/tools/perf/4Chan_2019-05-14_00-45-13_62093.html
timeToFirstContentfulPaint:input,ms,0,1,0,0,0,0,armeabi-v7a,loading.mobile,2019-05-13 19:43:25,,,02cf35f5d023e161,loading.mobile 2019-05-13 19:43:25,,,android,M,,Live,1,2019-05-13 19:48:51,file:///home/ehsan/chromium/src/tools/perf/Live_2019-05-14_00-48-51_24581.html
timeToFirstContentfulPaint:v8_runtime,ms,0,1,0,0,0,0,armeabi-v7a,loading.mobile,2019-05-13 19:43:25,,,02cf35f5d023e161,loading.mobile 2019-05-13 19:43:25,,,android,M,,Paypal,1,2019-05-13 19:47:24,file:///home/ehsan/chromium/src/tools/perf/Paypal_2019-05-14_00-47-24_75676.html
trace_import_duration,ms,3601.572,1,3601.572,3601.572,0,3601.572,armeabi-v7a,loading.mobile,2019-05-13 19:43:25,,,02cf35f5d023e161,loading.mobile 2019-05-13 19:43:25,,,android,M,,Live,0,2019-05-13 19:45:48,file:///home/ehsan/chromium/src/tools/perf/Live_2019-05-14_00-45-48_66596.html
timeToFirstContentfulPaint:net,ms,0,1,0,0,0,0,armeabi-v7a,loading.mobile,2019-05-13 19:43:25,,,02cf35f5d023e161,loading.mobile 2019-05-13 19:43:25,,,android,M,,Trello,1,2019-05-13 19:46:27,file:///home/ehsan/chromium/src/tools/perf/Trello_2019-05-14_00-46-27_37430.html
timeToFirstContentfulPaint:record,ms,56.164,1,56.164,56.164,0,56.164,armeabi-v7a,loading.mobile,2019-05-13 19:43:25,,,02cf35f5d023e161,loading.mobile 2019-05-13 19:43:25,,,android,M,,4Chan,0,2019-05-13 19:45:13,file:///home/ehsan/chromium/src/tools/perf/4Chan_2019-05-14_00-45-13_62093.html
timeToFirstContentfulPaint:blocked_on_network,ms,170.707,1,170.707,170.707,0,170.707,armeabi-v7a,loading.mobile,2019-05-13 19:43:25,,,02cf35f5d023e161,loading.mobile 2019-05-13 19:43:25,,,android,M,,Live,0,2019-05-13 19:45:48,file:///home/ehsan/chromium/src/tools/perf/Live_2019-05-14_00-45-48_66596.html
timeToFirstMeaningfulPaint,ms,4930.08,1,4930.08,4930.08,0,4930.08,armeabi-v7a,loading.mobile,2019-05-13 19:43:25,,,02cf35f5d023e161,loading.mobile 2019-05-13 19:43:25,,,android,M,,Paypal,1,2019-05-13 19:47:24,file:///home/ehsan/chromium/src/tools/perf/Paypal_2019-05-14_00-47-24_75676.html
timeToFirstContentfulPaint:iframe_creation,ms,0,1,0,0,0,0,armeabi-v7a,loading.mobile,2019-05-13 19:43:25,,,02cf35f5d023e161,loading.mobile 2019-05-13 19:43:25,,,android,M,,Live,0,2019-05-13 19:45:48,file:///home/ehsan/chromium/src/tools/perf/Live_2019-05-14_00-45-48_66596.html
timeToFirstContentfulPaint:record,ms,23.258,1,23.258,23.258,0,23.258,armeabi-v7a,loading.mobile,2019-05-13 19:43:25,,,02cf35f5d023e161,loading.mobile 2019-05-13 19:43:25,,,android,M,,Live,1,2019-05-13 19:48:51,file:///home/ehsan/chromium/src/tools/perf/Live_2019-05-14_00-48-51_24581.html
timeToInteractive,ms,,0,-Infinity,Infinity,,0,armeabi-v7a,loading.mobile,2019-05-13 19:43:25,,,02cf35f5d023e161,loading.mobile 2019-05-13 19:43:25,,,android,M,,Paypal,1,2019-05-13 19:47:24,file:///home/ehsan/chromium/src/tools/perf/Paypal_2019-05-14_00-47-24_75676.html
timeToFirstContentfulPaint:record,ms,74.928,1,74.928,74.928,0,74.928,armeabi-v7a,loading.mobile,2019-05-13 19:43:25,,,02cf35f5d023e161,loading.mobile 2019-05-13 19:43:25,,,android,M,,Paypal,0,2019-05-13 19:44:22,file:///home/ehsan/chromium/src/tools/perf/Paypal_2019-05-14_00-44-22_15936.html
timeToFirstContentfulPaint:net,ms,0,1,0,0,0,0,armeabi-v7a,loading.mobile,2019-05-13 19:43:25,,,02cf35f5d023e161,loading.mobile 2019-05-13 19:43:25,,,android,M,,Live,0,2019-05-13 19:45:48,file:///home/ehsan/chromium/src/tools/perf/Live_2019-05-14_00-45-48_66596.html
timeToFirstContentfulPaint:gpu,ms,0,1,0,0,0,0,armeabi-v7a,loading.mobile,2019-05-13 19:43:25,,,02cf35f5d023e161,loading.mobile 2019-05-13 19:43:25,,,android,M,,Live,1,2019-05-13 19:48:51,file:///home/ehsan/chromium/src/tools/perf/Live_2019-05-14_00-48-51_24581.html
trace_import_duration,ms,3266.274,1,3266.274,3266.274,0,3266.274,armeabi-v7a,loading.mobile,2019-05-13 19:43:25,,,02cf35f5d023e161,loading.mobile 2019-05-13 19:43:25,,,android,M,,Live,1,2019-05-13 19:48:51,file:///home/ehsan/chromium/src/tools/perf/Live_2019-05-14_00-48-51_24581.html
timeToInteractive,ms,,0,-Infinity,Infinity,,0,armeabi-v7a,loading.mobile,2019-05-13 19:43:25,,,02cf35f5d023e161,loading.mobile 2019-05-13 19:43:25,,,android,M,,Trello,1,2019-05-13 19:46:27,file:///home/ehsan/chromium/src/tools/perf/Trello_2019-05-14_00-46-27_37430.html
timeToFirstContentfulPaint:script_execute,ms,0,1,0,0,0,0,armeabi-v7a,loading.mobile,2019-05-13 19:43:25,,,02cf35f5d023e161,loading.mobile 2019-05-13 19:43:25,,,android,M,,Paypal,0,2019-05-13 19:44:22,file:///home/ehsan/chromium/src/tools/perf/Paypal_2019-05-14_00-44-22_15936.html
trace_import_duration,ms,3654.68,1,3654.68,3654.68,0,3654.68,armeabi-v7a,loading.mobile,2019-05-13 19:43:25,,,02cf35f5d023e161,loading.mobile 2019-05-13 19:43:25,,,android,M,,Paypal,1,2019-05-13 19:47:24,file:///home/ehsan/chromium/src/tools/perf/Paypal_2019-05-14_00-47-24_75676.html
cpuTimeToFirstContentfulPaint,ms,1955.824,1,1955.824,1955.824,0,1955.824,armeabi-v7a,loading.mobile,2019-05-13 19:43:25,,,02cf35f5d023e161,loading.mobile 2019-05-13 19:43:25,,,android,M,,Trello,1,2019-05-13 19:46:27,file:///home/ehsan/chromium/src/tools/perf/Trello_2019-05-14_00-46-27_37430.html
timeToFirstContentfulPaint:style,ms,553.243,1,553.243,553.243,0,553.243,armeabi-v7a,loading.mobile,2019-05-13 19:43:25,,,02cf35f5d023e161,loading.mobile 2019-05-13 19:43:25,,,android,M,,Paypal,1,2019-05-13 19:47:24,file:///home/ehsan/chromium/src/tools/perf/Paypal_2019-05-14_00-47-24_75676.html
timeToFirstViewportReady,ms,,0,-Infinity,Infinity,,0,armeabi-v7a,loading.mobile,2019-05-13 19:43:25,,,02cf35f5d023e161,loading.mobile 2019-05-13 19:43:25,,,android,M,,Trello,0,2019-05-13 19:43:28,file:///home/ehsan/chromium/src/tools/perf/Trello_2019-05-14_00-43-28_92030.html
timeToFirstContentfulPaint:resource_loading,ms,707.746,1,707.746,707.746,0,707.746,armeabi-v7a,loading.mobile,2019-05-13 19:43:25,,,02cf35f5d023e161,loading.mobile 2019-05-13 19:43:25,,,android,M,,Trello,0,2019-05-13 19:43:28,file:///home/ehsan/chromium/src/tools/perf/Trello_2019-05-14_00-43-28_92030.html
timeToFirstContentfulPaint:input,ms,0,1,0,0,0,0,armeabi-v7a,loading.mobile,2019-05-13 19:43:25,,,02cf35f5d023e161,loading.mobile 2019-05-13 19:43:25,,,android,M,,4Chan,0,2019-05-13 19:45:13,file:///home/ehsan/chromium/src/tools/perf/4Chan_2019-05-14_00-45-13_62093.html
timeToFirstContentfulPaint:resource_loading,ms,156.232,1,156.232,156.232,0,156.232,armeabi-v7a,loading.mobile,2019-05-13 19:43:25,,,02cf35f5d023e161,loading.mobile 2019-05-13 19:43:25,,,android,M,,Live,1,2019-05-13 19:48:51,file:///home/ehsan/chromium/src/tools/perf/Live_2019-05-14_00-48-51_24581.html
timeToFirstContentfulPaint:idle,ms,2453,1,2453,2453,0,2453,armeabi-v7a,loading.mobile,2019-05-13 19:43:25,,,02cf35f5d023e161,loading.mobile 2019-05-13 19:43:25,,,android,M,,Trello,0,2019-05-13 19:43:28,file:///home/ehsan/chromium/src/tools/perf/Trello_2019-05-14_00-43-28_92030.html
timeToFirstViewportReady,ms,,0,-Infinity,Infinity,,0,armeabi-v7a,loading.mobile,2019-05-13 19:43:25,,,02cf35f5d023e161,loading.mobile 2019-05-13 19:43:25,,,android,M,,Live,0,2019-05-13 19:45:48,file:///home/ehsan/chromium/src/tools/perf/Live_2019-05-14_00-45-48_66596.html
timeToFirstContentfulPaint:iframe_creation,ms,0,1,0,0,0,0,armeabi-v7a,loading.mobile,2019-05-13 19:43:25,,,02cf35f5d023e161,loading.mobile 2019-05-13 19:43:25,,,android,M,,Trello,0,2019-05-13 19:43:28,file:///home/ehsan/chromium/src/tools/perf/Trello_2019-05-14_00-43-28_92030.html
cpuTimeToFirstContentfulPaint,ms,854.906,1,854.906,854.906,0,854.906,armeabi-v7a,loading.mobile,2019-05-13 19:43:25,,,02cf35f5d023e161,loading.mobile 2019-05-13 19:43:25,,,android,M,,4Chan,1,2019-05-13 19:48:14,file:///home/ehsan/chromium/src/tools/perf/4Chan_2019-05-14_00-48-14_36044.html
cpuTimeToFirstContentfulPaint,ms,2013.499,1,2013.499,2013.499,0,2013.499,armeabi-v7a,loading.mobile,2019-05-13 19:43:25,,,02cf35f5d023e161,loading.mobile 2019-05-13 19:43:25,,,android,M,,Live,0,2019-05-13 19:45:48,file:///home/ehsan/chromium/src/tools/perf/Live_2019-05-14_00-45-48_66596.html
timeToInteractive,ms,,0,-Infinity,Infinity,,0,armeabi-v7a,loading.mobile,2019-05-13 19:43:25,,,02cf35f5d023e161,loading.mobile 2019-05-13 19:43:25,,,android,M,,Paypal,0,2019-05-13 19:44:22,file:///home/ehsan/chromium/src/tools/perf/Paypal_2019-05-14_00-44-22_15936.html
timeToFirstContentfulPaint:parseHTML,ms,353.135,1,353.135,353.135,0,353.135,armeabi-v7a,loading.mobile,2019-05-13 19:43:25,,,02cf35f5d023e161,loading.mobile 2019-05-13 19:43:25,,,android,M,,4Chan,0,2019-05-13 19:45:13,file:///home/ehsan/chromium/src/tools/perf/4Chan_2019-05-14_00-45-13_62093.html
timeToFirstContentfulPaint:iframe_creation,ms,0,1,0,0,0,0,armeabi-v7a,loading.mobile,2019-05-13 19:43:25,,,02cf35f5d023e161,loading.mobile 2019-05-13 19:43:25,,,android,M,,Paypal,0,2019-05-13 19:44:22,file:///home/ehsan/chromium/src/tools/perf/Paypal_2019-05-14_00-44-22_15936.html
timeToFirstContentfulPaint:record,ms,61.683,1,61.683,61.683,0,61.683,armeabi-v7a,loading.mobile,2019-05-13 19:43:25,,,02cf35f5d023e161,loading.mobile 2019-05-13 19:43:25,,,android,M,,4Chan,1,2019-05-13 19:48:14,file:///home/ehsan/chromium/src/tools/perf/4Chan_2019-05-14_00-48-14_36044.html
timeToFirstCpuIdle,ms,,0,-Infinity,Infinity,,0,armeabi-v7a,loading.mobile,2019-05-13 19:43:25,,,02cf35f5d023e161,loading.mobile 2019-05-13 19:43:25,,,android,M,,Live,1,2019-05-13 19:48:51,file:///home/ehsan/chromium/src/tools/perf/Live_2019-05-14_00-48-51_24581.html
timeToFirstContentfulPaint:style,ms,744.169,1,744.169,744.169,0,744.169,armeabi-v7a,loading.mobile,2019-05-13 19:43:25,,,02cf35f5d023e161,loading.mobile 2019-05-13 19:43:25,,,android,M,,Trello,1,2019-05-13 19:46:27,file:///home/ehsan/chromium/src/tools/perf/Trello_2019-05-14_00-46-27_37430.html
timeToFirstContentfulPaint:idle,ms,2349.289,1,2349.289,2349.289,0,2349.289,armeabi-v7a,loading.mobile,2019-05-13 19:43:25,,,02cf35f5d023e161,loading.mobile 2019-05-13 19:43:25,,,android,M,,Paypal,0,2019-05-13 19:44:22,file:///home/ehsan/chromium/src/tools/perf/Paypal_2019-05-14_00-44-22_15936.html
timeToFirstContentfulPaint:renderer_misc,ms,0,1,0,0,0,0,armeabi-v7a,loading.mobile,2019-05-13 19:43:25,,,02cf35f5d023e161,loading.mobile 2019-05-13 19:43:25,,,android,M,,Trello,1,2019-05-13 19:46:27,file:///home/ehsan/chromium/src/tools/perf/Trello_2019-05-14_00-46-27_37430.html
timeToFirstContentfulPaint:v8_runtime,ms,0,1,0,0,0,0,armeabi-v7a,loading.mobile,2019-05-13 19:43:25,,,02cf35f5d023e161,loading.mobile 2019-05-13 19:43:25,,,android,M,,4Chan,0,2019-05-13 19:45:13,file:///home/ehsan/chromium/src/tools/perf/4Chan_2019-05-14_00-45-13_62093.html
timeToFirstContentfulPaint:record,ms,120.409,1,120.409,120.409,0,120.409,armeabi-v7a,loading.mobile,2019-05-13 19:43:25,,,02cf35f5d023e161,loading.mobile 2019-05-13 19:43:25,,,android,M,,Trello,0,2019-05-13 19:43:28,file:///home/ehsan/chromium/src/tools/perf/Trello_2019-05-14_00-43-28_92030.html
loadingMetric_duration,ms,82,1,82,82,0,82,armeabi-v7a,loading.mobile,2019-05-13 19:43:25,,,02cf35f5d023e161,loading.mobile 2019-05-13 19:43:25,,,android,M,,Paypal,1,2019-05-13 19:47:24,file:///home/ehsan/chromium/src/tools/perf/Paypal_2019-05-14_00-47-24_75676.html
cpuTimeToFirstMeaningfulPaint,ms,2013.503,1,2013.503,2013.503,0,2013.503,armeabi-v7a,loading.mobile,2019-05-13 19:43:25,,,02cf35f5d023e161,loading.mobile 2019-05-13 19:43:25,,,android,M,,Live,0,2019-05-13 19:45:48,file:///home/ehsan/chromium/src/tools/perf/Live_2019-05-14_00-45-48_66596.html
timeToFirstContentfulPaint:net,ms,0,1,0,0,0,0,armeabi-v7a,loading.mobile,2019-05-13 19:43:25,,,02cf35f5d023e161,loading.mobile 2019-05-13 19:43:25,,,android,M,,Paypal,1,2019-05-13 19:47:24,file:///home/ehsan/chromium/src/tools/perf/Paypal_2019-05-14_00-47-24_75676.html
timeToFirstContentfulPaint:resource_loading,ms,705.885,1,705.885,705.885,0,705.885,armeabi-v7a,loading.mobile,2019-05-13 19:43:25,,,02cf35f5d023e161,loading.mobile 2019-05-13 19:43:25,,,android,M,,Trello,1,2019-05-13 19:46:27,file:///home/ehsan/chromium/src/tools/perf/Trello_2019-05-14_00-46-27_37430.html
timeToFirstContentfulPaint:blocked_on_network,ms,0.985,1,0.985,0.985,0,0.985,armeabi-v7a,loading.mobile,2019-05-13 19:43:25,,,02cf35f5d023e161,loading.mobile 2019-05-13 19:43:25,,,android,M,,4Chan,1,2019-05-13 19:48:14,file:///home/ehsan/chromium/src/tools/perf/4Chan_2019-05-14_00-48-14_36044.html
timeToFirstContentfulPaint:imageDecode,ms,0,1,0,0,0,0,armeabi-v7a,loading.mobile,2019-05-13 19:43:25,,,02cf35f5d023e161,loading.mobile 2019-05-13 19:43:25,,,android,M,,Live,1,2019-05-13 19:48:51,file:///home/ehsan/chromium/src/tools/perf/Live_2019-05-14_00-48-51_24581.html
timeToFirstViewportReady,ms,,0,-Infinity,Infinity,,0,armeabi-v7a,loading.mobile,2019-05-13 19:43:25,,,02cf35f5d023e161,loading.mobile 2019-05-13 19:43:25,,,android,M,,Paypal,1,2019-05-13 19:47:24,file:///home/ehsan/chromium/src/tools/perf/Paypal_2019-05-14_00-47-24_75676.html
timeToFirstContentfulPaint:v8_runtime,ms,0,1,0,0,0,0,armeabi-v7a,loading.mobile,2019-05-13 19:43:25,,,02cf35f5d023e161,loading.mobile 2019-05-13 19:43:25,,,android,M,,Trello,1,2019-05-13 19:46:27,file:///home/ehsan/chromium/src/tools/perf/Trello_2019-05-14_00-46-27_37430.html
timeToFirstContentfulPaint:record,ms,119.056,1,119.056,119.056,0,119.056,armeabi-v7a,loading.mobile,2019-05-13 19:43:25,,,02cf35f5d023e161,loading.mobile 2019-05-13 19:43:25,,,android,M,,Trello,1,2019-05-13 19:46:27,file:///home/ehsan/chromium/src/tools/perf/Trello_2019-05-14_00-46-27_37430.html
timeToOnload,ms,3581.358,1,3581.358,3581.358,0,3581.358,armeabi-v7a,loading.mobile,2019-05-13 19:43:25,,,02cf35f5d023e161,loading.mobile 2019-05-13 19:43:25,,,android,M,,4Chan,1,2019-05-13 19:48:14,file:///home/ehsan/chromium/src/tools/perf/4Chan_2019-05-14_00-48-14_36044.html
timeToFirstContentfulPaint:overhead,ms,0,1,0,0,0,0,armeabi-v7a,loading.mobile,2019-05-13 19:43:25,,,02cf35f5d023e161,loading.mobile 2019-05-13 19:43:25,,,android,M,,Trello,1,2019-05-13 19:46:27,file:///home/ehsan/chromium/src/tools/perf/Trello_2019-05-14_00-46-27_37430.html
timeToFirstMeaningfulPaint,ms,7853.236,1,7853.236,7853.236,0,7853.236,armeabi-v7a,loading.mobile,2019-05-13 19:43:25,,,02cf35f5d023e161,loading.mobile 2019-05-13 19:43:25,,,android,M,,Trello,0,2019-05-13 19:43:28,file:///home/ehsan/chromium/src/tools/perf/Trello_2019-05-14_00-43-28_92030.html
timeToFirstContentfulPaint,ms,4898.205,1,4898.205,4898.205,0,4898.205,armeabi-v7a,loading.mobile,2019-05-13 19:43:25,,,02cf35f5d023e161,loading.mobile 2019-05-13 19:43:25,,,android,M,,Paypal,0,2019-05-13 19:44:22,file:///home/ehsan/chromium/src/tools/perf/Paypal_2019-05-14_00-44-22_15936.html
timeToFirstCpuIdle,ms,,0,-Infinity,Infinity,,0,armeabi-v7a,loading.mobile,2019-05-13 19:43:25,,,02cf35f5d023e161,loading.mobile 2019-05-13 19:43:25,,,android,M,,Paypal,1,2019-05-13 19:47:24,file:///home/ehsan/chromium/src/tools/perf/Paypal_2019-05-14_00-47-24_75676.html
timeToFirstMeaningfulPaint,ms,4898.227,1,4898.227,4898.227,0,4898.227,armeabi-v7a,loading.mobile,2019-05-13 19:43:25,,,02cf35f5d023e161,loading.mobile 2019-05-13 19:43:25,,,android,M,,Paypal,0,2019-05-13 19:44:22,file:///home/ehsan/chromium/src/tools/perf/Paypal_2019-05-14_00-44-22_15936.html
timeToFirstContentfulPaint:layout,ms,125.067,1,125.067,125.067,0,125.067,armeabi-v7a,loading.mobile,2019-05-13 19:43:25,,,02cf35f5d023e161,loading.mobile 2019-05-13 19:43:25,,,android,M,,Live,1,2019-05-13 19:48:51,file:///home/ehsan/chromium/src/tools/perf/Live_2019-05-14_00-48-51_24581.html
timeToFirstContentfulPaint:v8_runtime,ms,0,1,0,0,0,0,armeabi-v7a,loading.mobile,2019-05-13 19:43:25,,,02cf35f5d023e161,loading.mobile 2019-05-13 19:43:25,,,android,M,,Paypal,0,2019-05-13 19:44:22,file:///home/ehsan/chromium/src/tools/perf/Paypal_2019-05-14_00-44-22_15936.html
timeToOnload,ms,5491.437,1,5491.437,5491.437,0,5491.437,armeabi-v7a,loading.mobile,2019-05-13 19:43:25,,,02cf35f5d023e161,loading.mobile 2019-05-13 19:43:25,,,android,M,,Live,0,2019-05-13 19:45:48,file:///home/ehsan/chromium/src/tools/perf/Live_2019-05-14_00-45-48_66596.html
timeToFirstContentfulPaint:gpu,ms,0,1,0,0,0,0,armeabi-v7a,loading.mobile,2019-05-13 19:43:25,,,02cf35f5d023e161,loading.mobile 2019-05-13 19:43:25,,,android,M,,4Chan,1,2019-05-13 19:48:14,file:///home/ehsan/chromium/src/tools/perf/4Chan_2019-05-14_00-48-14_36044.html
timeToFirstContentfulPaint:script_parse_and_compile,ms,0,1,0,0,0,0,armeabi-v7a,loading.mobile,2019-05-13 19:43:25,,,02cf35f5d023e161,loading.mobile 2019-05-13 19:43:25,,,android,M,,Paypal,1,2019-05-13 19:47:24,file:///home/ehsan/chromium/src/tools/perf/Paypal_2019-05-14_00-47-24_75676.html
timeToFirstPaint,ms,4898.186,1,4898.186,4898.186,0,4898.186,armeabi-v7a,loading.mobile,2019-05-13 19:43:25,,,02cf35f5d023e161,loading.mobile 2019-05-13 19:43:25,,,android,M,,Paypal,0,2019-05-13 19:44:22,file:///home/ehsan/chromium/src/tools/perf/Paypal_2019-05-14_00-44-22_15936.html
timeToFirstContentfulPaint,ms,4330.47,1,4330.47,4330.47,0,4330.47,armeabi-v7a,loading.mobile,2019-05-13 19:43:25,,,02cf35f5d023e161,loading.mobile 2019-05-13 19:43:25,,,android,M,,4Chan,1,2019-05-13 19:48:14,file:///home/ehsan/chromium/src/tools/perf/4Chan_2019-05-14_00-48-14_36044.html
timeToInteractive,ms,,0,-Infinity,Infinity,,0,armeabi-v7a,loading.mobile,2019-05-13 19:43:25,,,02cf35f5d023e161,loading.mobile 2019-05-13 19:43:25,,,android,M,,4Chan,0,2019-05-13 19:45:13,file:///home/ehsan/chromium/src/tools/perf/4Chan_2019-05-14_00-45-13_62093.html
timeToFirstContentfulPaint:net,ms,0,1,0,0,0,0,armeabi-v7a,loading.mobile,2019-05-13 19:43:25,,,02cf35f5d023e161,loading.mobile 2019-05-13 19:43:25,,,android,M,,Live,1,2019-05-13 19:48:51,file:///home/ehsan/chromium/src/tools/perf/Live_2019-05-14_00-48-51_24581.html
timeToFirstContentfulPaint:v8_runtime,ms,0,1,0,0,0,0,armeabi-v7a,loading.mobile,2019-05-13 19:43:25,,,02cf35f5d023e161,loading.mobile 2019-05-13 19:43:25,,,android,M,,Live,0,2019-05-13 19:45:48,file:///home/ehsan/chromium/src/tools/perf/Live_2019-05-14_00-45-48_66596.html
timeToFirstContentfulPaint:script_execute,ms,0,1,0,0,0,0,armeabi-v7a,loading.mobile,2019-05-13 19:43:25,,,02cf35f5d023e161,loading.mobile 2019-05-13 19:43:25,,,android,M,,4Chan,1,2019-05-13 19:48:14,file:///home/ehsan/chromium/src/tools/perf/4Chan_2019-05-14_00-48-14_36044.html
timeToFirstContentfulPaint:imageDecode,ms,0,1,0,0,0,0,armeabi-v7a,loading.mobile,2019-05-13 19:43:25,,,02cf35f5d023e161,loading.mobile 2019-05-13 19:43:25,,,android,M,,Trello,1,2019-05-13 19:46:27,file:///home/ehsan/chromium/src/tools/perf/Trello_2019-05-14_00-46-27_37430.html
timeToFirstContentfulPaint:idle,ms,2327.777,1,2327.777,2327.777,0,2327.777,armeabi-v7a,loading.mobile,2019-05-13 19:43:25,,,02cf35f5d023e161,loading.mobile 2019-05-13 19:43:25,,,android,M,,Live,1,2019-05-13 19:48:51,file:///home/ehsan/chromium/src/tools/perf/Live_2019-05-14_00-48-51_24581.html
timeToFirstContentfulPaint:gpu,ms,0,1,0,0,0,0,armeabi-v7a,loading.mobile,2019-05-13 19:43:25,,,02cf35f5d023e161,loading.mobile 2019-05-13 19:43:25,,,android,M,,Paypal,1,2019-05-13 19:47:24,file:///home/ehsan/chromium/src/tools/perf/Paypal_2019-05-14_00-47-24_75676.html
timeToInteractive,ms,,0,-Infinity,Infinity,,0,armeabi-v7a,loading.mobile,2019-05-13 19:43:25,,,02cf35f5d023e161,loading.mobile 2019-05-13 19:43:25,,,android,M,,Live,0,2019-05-13 19:45:48,file:///home/ehsan/chromium/src/tools/perf/Live_2019-05-14_00-45-48_66596.html
cpuTimeToFirstMeaningfulPaint,ms,2006.343,1,2006.343,2006.343,0,2006.343,armeabi-v7a,loading.mobile,2019-05-13 19:43:25,,,02cf35f5d023e161,loading.mobile 2019-05-13 19:43:25,,,android,M,,Live,1,2019-05-13 19:48:51,file:///home/ehsan/chromium/src/tools/perf/Live_2019-05-14_00-48-51_24581.html
timeToFirstContentfulPaint:iframe_creation,ms,0,1,0,0,0,0,armeabi-v7a,loading.mobile,2019-05-13 19:43:25,,,02cf35f5d023e161,loading.mobile 2019-05-13 19:43:25,,,android,M,,4Chan,1,2019-05-13 19:48:14,file:///home/ehsan/chromium/src/tools/perf/4Chan_2019-05-14_00-48-14_36044.html
loadingMetric_duration,ms,87,1,87,87,0,87,armeabi-v7a,loading.mobile,2019-05-13 19:43:25,,,02cf35f5d023e161,loading.mobile 2019-05-13 19:43:25,,,android,M,,Trello,1,2019-05-13 19:46:27,file:///home/ehsan/chromium/src/tools/perf/Trello_2019-05-14_00-46-27_37430.html
cpuTimeToFirstMeaningfulPaint,ms,1128.525,1,1128.525,1128.525,0,1128.525,armeabi-v7a,loading.mobile,2019-05-13 19:43:25,,,02cf35f5d023e161,loading.mobile 2019-05-13 19:43:25,,,android,M,,Paypal,1,2019-05-13 19:47:24,file:///home/ehsan/chromium/src/tools/perf/Paypal_2019-05-14_00-47-24_75676.html
timeToFirstContentfulPaint:overhead,ms,0,1,0,0,0,0,armeabi-v7a,loading.mobile,2019-05-13 19:43:25,,,02cf35f5d023e161,loading.mobile 2019-05-13 19:43:25,,,android,M,,Paypal,1,2019-05-13 19:47:24,file:///home/ehsan/chromium/src/tools/perf/Paypal_2019-05-14_00-47-24_75676.html
timeToInteractive,ms,,0,-Infinity,Infinity,,0,armeabi-v7a,loading.mobile,2019-05-13 19:43:25,,,02cf35f5d023e161,loading.mobile 2019-05-13 19:43:25,,,android,M,,Live,1,2019-05-13 19:48:51,file:///home/ehsan/chromium/src/tools/perf/Live_2019-05-14_00-48-51_24581.html
timeToFirstContentfulPaint:overhead,ms,0,1,0,0,0,0,armeabi-v7a,loading.mobile,2019-05-13 19:43:25,,,02cf35f5d023e161,loading.mobile 2019-05-13 19:43:25,,,android,M,,4Chan,1,2019-05-13 19:48:14,file:///home/ehsan/chromium/src/tools/perf/4Chan_2019-05-14_00-48-14_36044.html
timeToFirstContentfulPaint:resource_loading,ms,207.196,1,207.196,207.196,0,207.196,armeabi-v7a,loading.mobile,2019-05-13 19:43:25,,,02cf35f5d023e161,loading.mobile 2019-05-13 19:43:25,,,android,M,,Paypal,0,2019-05-13 19:44:22,file:///home/ehsan/chromium/src/tools/perf/Paypal_2019-05-14_00-44-22_15936.html
loadingMetric_duration,ms,72,1,72,72,0,72,armeabi-v7a,loading.mobile,2019-05-13 19:43:25,,,02cf35f5d023e161,loading.mobile 2019-05-13 19:43:25,,,android,M,,Live,0,2019-05-13 19:45:48,file:///home/ehsan/chromium/src/tools/perf/Live_2019-05-14_00-45-48_66596.html
trace_import_duration,ms,4360.085,1,4360.085,4360.085,0,4360.085,armeabi-v7a,loading.mobile,2019-05-13 19:43:25,,,02cf35f5d023e161,loading.mobile 2019-05-13 19:43:25,,,android,M,,Trello,1,2019-05-13 19:46:27,file:///home/ehsan/chromium/src/tools/perf/Trello_2019-05-14_00-46-27_37430.html
timeToFirstContentfulPaint:gc,ms,0,1,0,0,0,0,armeabi-v7a,loading.mobile,2019-05-13 19:43:25,,,02cf35f5d023e161,loading.mobile 2019-05-13 19:43:25,,,android,M,,Paypal,0,2019-05-13 19:44:22,file:///home/ehsan/chromium/src/tools/perf/Paypal_2019-05-14_00-44-22_15936.html
timeToFirstContentfulPaint:imageDecode,ms,0,1,0,0,0,0,armeabi-v7a,loading.mobile,2019-05-13 19:43:25,,,02cf35f5d023e161,loading.mobile 2019-05-13 19:43:25,,,android,M,,4Chan,1,2019-05-13 19:48:14,file:///home/ehsan/chromium/src/tools/perf/4Chan_2019-05-14_00-48-14_36044.html
timeToFirstContentfulPaint:overhead,ms,0,1,0,0,0,0,armeabi-v7a,loading.mobile,2019-05-13 19:43:25,,,02cf35f5d023e161,loading.mobile 2019-05-13 19:43:25,,,android,M,,Trello,0,2019-05-13 19:43:28,file:///home/ehsan/chromium/src/tools/perf/Trello_2019-05-14_00-43-28_92030.html
timeToFirstContentfulPaint:record,ms,12.337,1,12.337,12.337,0,12.337,armeabi-v7a,loading.mobile,2019-05-13 19:43:25,,,02cf35f5d023e161,loading.mobile 2019-05-13 19:43:25,,,android,M,,Live,0,2019-05-13 19:45:48,file:///home/ehsan/chromium/src/tools/perf/Live_2019-05-14_00-45-48_66596.html
timeToFirstContentfulPaint:composite,ms,0.862,1,0.862,0.862,0,0.862,armeabi-v7a,loading.mobile,2019-05-13 19:43:25,,,02cf35f5d023e161,loading.mobile 2019-05-13 19:43:25,,,android,M,,Live,0,2019-05-13 19:45:48,file:///home/ehsan/chromium/src/tools/perf/Live_2019-05-14_00-45-48_66596.html
timeToFirstContentfulPaint:parseHTML,ms,337.545,1,337.545,337.545,0,337.545,armeabi-v7a,loading.mobile,2019-05-13 19:43:25,,,02cf35f5d023e161,loading.mobile 2019-05-13 19:43:25,,,android,M,,4Chan,1,2019-05-13 19:48:14,file:///home/ehsan/chromium/src/tools/perf/4Chan_2019-05-14_00-48-14_36044.html
timeToFirstContentfulPaint:other,ms,3418.575,1,3418.575,3418.575,0,3418.575,armeabi-v7a,loading.mobile,2019-05-13 19:43:25,,,02cf35f5d023e161,loading.mobile 2019-05-13 19:43:25,,,android,M,,Live,1,2019-05-13 19:48:51,file:///home/ehsan/chromium/src/tools/perf/Live_2019-05-14_00-48-51_24581.html
timeToFirstContentfulPaint:startup,ms,8.54,1,8.54,8.54,0,8.54,armeabi-v7a,loading.mobile,2019-05-13 19:43:25,,,02cf35f5d023e161,loading.mobile 2019-05-13 19:43:25,,,android,M,,Trello,0,2019-05-13 19:43:28,file:///home/ehsan/chromium/src/tools/perf/Trello_2019-05-14_00-43-28_92030.html
timeToFirstContentfulPaint:overhead,ms,0,1,0,0,0,0,armeabi-v7a,loading.mobile,2019-05-13 19:43:25,,,02cf35f5d023e161,loading.mobile 2019-05-13 19:43:25,,,android,M,,4Chan,0,2019-05-13 19:45:13,file:///home/ehsan/chromium/src/tools/perf/4Chan_2019-05-14_00-45-13_62093.html
timeToFirstMeaningfulPaint,ms,6141.083,1,6141.083,6141.083,0,6141.083,armeabi-v7a,loading.mobile,2019-05-13 19:43:25,,,02cf35f5d023e161,loading.mobile 2019-05-13 19:43:25,,,android,M,,Live,0,2019-05-13 19:45:48,file:///home/ehsan/chromium/src/tools/perf/Live_2019-05-14_00-45-48_66596.html
timeToFirstContentfulPaint:layout,ms,373.397,1,373.397,373.397,0,373.397,armeabi-v7a,loading.mobile,2019-05-13 19:43:25,,,02cf35f5d023e161,loading.mobile 2019-05-13 19:43:25,,,android,M,,4Chan,0,2019-05-13 19:45:13,file:///home/ehsan/chromium/src/tools/perf/4Chan_2019-05-14_00-45-13_62093.html
timeToFirstContentfulPaint:startup,ms,8.959,1,8.959,8.959,0,8.959,armeabi-v7a,loading.mobile,2019-05-13 19:43:25,,,02cf35f5d023e161,loading.mobile 2019-05-13 19:43:25,,,android,M,,Paypal,1,2019-05-13 19:47:24,file:///home/ehsan/chromium/src/tools/perf/Paypal_2019-05-14_00-47-24_75676.html
timeToFirstMeaningfulPaint,ms,4330.484,1,4330.484,4330.484,0,4330.484,armeabi-v7a,loading.mobile,2019-05-13 19:43:25,,,02cf35f5d023e161,loading.mobile 2019-05-13 19:43:25,,,android,M,,4Chan,1,2019-05-13 19:48:14,file:///home/ehsan/chromium/src/tools/perf/4Chan_2019-05-14_00-48-14_36044.html
timeToFirstPaint,ms,4330.453,1,4330.453,4330.453,0,4330.453,armeabi-v7a,loading.mobile,2019-05-13 19:43:25,,,02cf35f5d023e161,loading.mobile 2019-05-13 19:43:25,,,android,M,,4Chan,1,2019-05-13 19:48:14,file:///home/ehsan/chromium/src/tools/perf/4Chan_2019-05-14_00-48-14_36044.html
timeToFirstViewportReady,ms,,0,-Infinity,Infinity,,0,armeabi-v7a,loading.mobile,2019-05-13 19:43:25,,,02cf35f5d023e161,loading.mobile 2019-05-13 19:43:25,,,android,M,,Paypal,0,2019-05-13 19:44:22,file:///home/ehsan/chromium/src/tools/perf/Paypal_2019-05-14_00-44-22_15936.html
timeToFirstContentfulPaint:raster,ms,0,1,0,0,0,0,armeabi-v7a,loading.mobile,2019-05-13 19:43:25,,,02cf35f5d023e161,loading.mobile 2019-05-13 19:43:25,,,android,M,,Live,0,2019-05-13 19:45:48,file:///home/ehsan/chromium/src/tools/perf/Live_2019-05-14_00-45-48_66596.html
timeToFirstContentfulPaint:startup,ms,8.166,1,8.166,8.166,0,8.166,armeabi-v7a,loading.mobile,2019-05-13 19:43:25,,,02cf35f5d023e161,loading.mobile 2019-05-13 19:43:25,,,android,M,,Live,1,2019-05-13 19:48:51,file:///home/ehsan/chromium/src/tools/perf/Live_2019-05-14_00-48-51_24581.html
timeToFirstContentfulPaint:overhead,ms,0,1,0,0,0,0,armeabi-v7a,loading.mobile,2019-05-13 19:43:25,,,02cf35f5d023e161,loading.mobile 2019-05-13 19:43:25,,,android,M,,Live,1,2019-05-13 19:48:51,file:///home/ehsan/chromium/src/tools/perf/Live_2019-05-14_00-48-51_24581.html
timeToFirstContentfulPaint:raster,ms,0,1,0,0,0,0,armeabi-v7a,loading.mobile,2019-05-13 19:43:25,,,02cf35f5d023e161,loading.mobile 2019-05-13 19:43:25,,,android,M,,4Chan,1,2019-05-13 19:48:14,file:///home/ehsan/chromium/src/tools/perf/4Chan_2019-05-14_00-48-14_36044.html
timeToInteractive,ms,,0,-Infinity,Infinity,,0,armeabi-v7a,loading.mobile,2019-05-13 19:43:25,,,02cf35f5d023e161,loading.mobile 2019-05-13 19:43:25,,,android,M,,Trello,0,2019-05-13 19:43:28,file:///home/ehsan/chromium/src/tools/perf/Trello_2019-05-14_00-43-28_92030.html
timeToFirstContentfulPaint:raster,ms,0,1,0,0,0,0,armeabi-v7a,loading.mobile,2019-05-13 19:43:25,,,02cf35f5d023e161,loading.mobile 2019-05-13 19:43:25,,,android,M,,Trello,1,2019-05-13 19:46:27,file:///home/ehsan/chromium/src/tools/perf/Trello_2019-05-14_00-46-27_37430.html
timeToFirstContentfulPaint:renderer_misc,ms,0,1,0,0,0,0,armeabi-v7a,loading.mobile,2019-05-13 19:43:25,,,02cf35f5d023e161,loading.mobile 2019-05-13 19:43:25,,,android,M,,Trello,0,2019-05-13 19:43:28,file:///home/ehsan/chromium/src/tools/perf/Trello_2019-05-14_00-43-28_92030.html
cpuTimeToFirstContentfulPaint,ms,1128.525,1,1128.525,1128.525,0,1128.525,armeabi-v7a,loading.mobile,2019-05-13 19:43:25,,,02cf35f5d023e161,loading.mobile 2019-05-13 19:43:25,,,android,M,,Paypal,1,2019-05-13 19:47:24,file:///home/ehsan/chromium/src/tools/perf/Paypal_2019-05-14_00-47-24_75676.html
metrics_duration,ms,3680.572,1,3680.572,3680.572,0,3680.572,armeabi-v7a,loading.mobile,2019-05-13 19:43:25,,,02cf35f5d023e161,loading.mobile 2019-05-13 19:43:25,,,android,M,,Live,0,2019-05-13 19:45:48,file:///home/ehsan/chromium/src/tools/perf/Live_2019-05-14_00-45-48_66596.html
timeToFirstContentfulPaint:renderer_misc,ms,0,1,0,0,0,0,armeabi-v7a,loading.mobile,2019-05-13 19:43:25,,,02cf35f5d023e161,loading.mobile 2019-05-13 19:43:25,,,android,M,,4Chan,1,2019-05-13 19:48:14,file:///home/ehsan/chromium/src/tools/perf/4Chan_2019-05-14_00-48-14_36044.html
timeToFirstContentfulPaint:input,ms,0,1,0,0,0,0,armeabi-v7a,loading.mobile,2019-05-13 19:43:25,,,02cf35f5d023e161,loading.mobile 2019-05-13 19:43:25,,,android,M,,Live,0,2019-05-13 19:45:48,file:///home/ehsan/chromium/src/tools/perf/Live_2019-05-14_00-45-48_66596.html
timeToFirstContentfulPaint:other,ms,1019.969,1,1019.969,1019.969,0,1019.969,armeabi-v7a,loading.mobile,2019-05-13 19:43:25,,,02cf35f5d023e161,loading.mobile 2019-05-13 19:43:25,,,android,M,,Paypal,1,2019-05-13 19:47:24,file:///home/ehsan/chromium/src/tools/perf/Paypal_2019-05-14_00-47-24_75676.html
aboveTheFoldLoadedToVisible,ms,,0,-Infinity,Infinity,,0,armeabi-v7a,loading.mobile,2019-05-13 19:43:25,,,02cf35f5d023e161,loading.mobile 2019-05-13 19:43:25,,,android,M,,Live,0,2019-05-13 19:45:48,file:///home/ehsan/chromium/src/tools/perf/Live_2019-05-14_00-45-48_66596.html
timeToFirstContentfulPaint:iframe_creation,ms,0,1,0,0,0,0,armeabi-v7a,loading.mobile,2019-05-13 19:43:25,,,02cf35f5d023e161,loading.mobile 2019-05-13 19:43:25,,,android,M,,Live,1,2019-05-13 19:48:51,file:///home/ehsan/chromium/src/tools/perf/Live_2019-05-14_00-48-51_24581.html
timeToFirstContentfulPaint:startup,ms,8.152,1,8.152,8.152,0,8.152,armeabi-v7a,loading.mobile,2019-05-13 19:43:25,,,02cf35f5d023e161,loading.mobile 2019-05-13 19:43:25,,,android,M,,4Chan,1,2019-05-13 19:48:14,file:///home/ehsan/chromium/src/tools/perf/4Chan_2019-05-14_00-48-14_36044.html
timeToFirstContentfulPaint:imageDecode,ms,0,1,0,0,0,0,armeabi-v7a,loading.mobile,2019-05-13 19:43:25,,,02cf35f5d023e161,loading.mobile 2019-05-13 19:43:25,,,android,M,,Paypal,1,2019-05-13 19:47:24,file:///home/ehsan/chromium/src/tools/perf/Paypal_2019-05-14_00-47-24_75676.html
timeToFirstViewportReady,ms,,0,-Infinity,Infinity,,0,armeabi-v7a,loading.mobile,2019-05-13 19:43:25,,,02cf35f5d023e161,loading.mobile 2019-05-13 19:43:25,,,android,M,,4Chan,0,2019-05-13 19:45:13,file:///home/ehsan/chromium/src/tools/perf/4Chan_2019-05-14_00-45-13_62093.html
timeToFirstContentfulPaint:style,ms,678.359,1,678.359,678.359,0,678.359,armeabi-v7a,loading.mobile,2019-05-13 19:43:25,,,02cf35f5d023e161,loading.mobile 2019-05-13 19:43:25,,,android,M,,Trello,0,2019-05-13 19:43:28,file:///home/ehsan/chromium/src/tools/perf/Trello_2019-05-14_00-43-28_92030.html
timeToFirstContentfulPaint:idle,ms,2334.469,1,2334.469,2334.469,0,2334.469,armeabi-v7a,loading.mobile,2019-05-13 19:43:25,,,02cf35f5d023e161,loading.mobile 2019-05-13 19:43:25,,,android,M,,Trello,1,2019-05-13 19:46:27,file:///home/ehsan/chromium/src/tools/perf/Trello_2019-05-14_00-46-27_37430.html
timeToFirstContentfulPaint:layout,ms,349.047,1,349.047,349.047,0,349.047,armeabi-v7a,loading.mobile,2019-05-13 19:43:25,,,02cf35f5d023e161,loading.mobile 2019-05-13 19:43:25,,,android,M,,4Chan,1,2019-05-13 19:48:14,file:///home/ehsan/chromium/src/tools/perf/4Chan_2019-05-14_00-48-14_36044.html
timeToFirstContentfulPaint:script_execute,ms,0,1,0,0,0,0,armeabi-v7a,loading.mobile,2019-05-13 19:43:25,,,02cf35f5d023e161,loading.mobile 2019-05-13 19:43:25,,,android,M,,4Chan,0,2019-05-13 19:45:13,file:///home/ehsan/chromium/src/tools/perf/4Chan_2019-05-14_00-45-13_62093.html
cpuTimeToFirstContentfulPaint,ms,1118.942,1,1118.942,1118.942,0,1118.942,armeabi-v7a,loading.mobile,2019-05-13 19:43:25,,,02cf35f5d023e161,loading.mobile 2019-05-13 19:43:25,,,android,M,,Paypal,0,2019-05-13 19:44:22,file:///home/ehsan/chromium/src/tools/perf/Paypal_2019-05-14_00-44-22_15936.html
timeToFirstContentfulPaint:input,ms,0,1,0,0,0,0,armeabi-v7a,loading.mobile,2019-05-13 19:43:25,,,02cf35f5d023e161,loading.mobile 2019-05-13 19:43:25,,,android,M,,Trello,1,2019-05-13 19:46:27,file:///home/ehsan/chromium/src/tools/perf/Trello_2019-05-14_00-46-27_37430.html
timeToFirstContentfulPaint:parseHTML,ms,455.257,1,455.257,455.257,0,455.257,armeabi-v7a,loading.mobile,2019-05-13 19:43:25,,,02cf35f5d023e161,loading.mobile 2019-05-13 19:43:25,,,android,M,,Paypal,0,2019-05-13 19:44:22,file:///home/ehsan/chromium/src/tools/perf/Paypal_2019-05-14_00-44-22_15936.html
timeToFirstContentfulPaint:idle,ms,2060.481,1,2060.481,2060.481,0,2060.481,armeabi-v7a,loading.mobile,2019-05-13 19:43:25,,,02cf35f5d023e161,loading.mobile 2019-05-13 19:43:25,,,android,M,,4Chan,1,2019-05-13 19:48:14,file:///home/ehsan/chromium/src/tools/perf/4Chan_2019-05-14_00-48-14_36044.html
loadingMetric_duration,ms,93,1,93,93,0,93,armeabi-v7a,loading.mobile,2019-05-13 19:43:25,,,02cf35f5d023e161,loading.mobile 2019-05-13 19:43:25,,,android,M,,Trello,0,2019-05-13 19:43:28,file:///home/ehsan/chromium/src/tools/perf/Trello_2019-05-14_00-43-28_92030.html
aboveTheFoldLoadedToVisible,ms,,0,-Infinity,Infinity,,0,armeabi-v7a,loading.mobile,2019-05-13 19:43:25,,,02cf35f5d023e161,loading.mobile 2019-05-13 19:43:25,,,android,M,,Trello,0,2019-05-13 19:43:28,file:///home/ehsan/chromium/src/tools/perf/Trello_2019-05-14_00-43-28_92030.html
timeToFirstContentfulPaint:style,ms,51.138,1,51.138,51.138,0,51.138,armeabi-v7a,loading.mobile,2019-05-13 19:43:25,,,02cf35f5d023e161,loading.mobile 2019-05-13 19:43:25,,,android,M,,Live,1,2019-05-13 19:48:51,file:///home/ehsan/chromium/src/tools/perf/Live_2019-05-14_00-48-51_24581.html
timeToFirstContentfulPaint:resource_loading,ms,289.147,1,289.147,289.147,0,289.147,armeabi-v7a,loading.mobile,2019-05-13 19:43:25,,,02cf35f5d023e161,loading.mobile 2019-05-13 19:43:25,,,android,M,,4Chan,1,2019-05-13 19:48:14,file:///home/ehsan/chromium/src/tools/perf/4Chan_2019-05-14_00-48-14_36044.html
timeToFirstContentfulPaint:script_execute,ms,0,1,0,0,0,0,armeabi-v7a,loading.mobile,2019-05-13 19:43:25,,,02cf35f5d023e161,loading.mobile 2019-05-13 19:43:25,,,android,M,,Live,0,2019-05-13 19:45:48,file:///home/ehsan/chromium/src/tools/perf/Live_2019-05-14_00-45-48_66596.html
cpuTimeToFirstContentfulPaint,ms,848.118,1,848.118,848.118,0,848.118,armeabi-v7a,loading.mobile,2019-05-13 19:43:25,,,02cf35f5d023e161,loading.mobile 2019-05-13 19:43:25,,,android,M,,4Chan,0,2019-05-13 19:45:13,file:///home/ehsan/chromium/src/tools/perf/4Chan_2019-05-14_00-45-13_62093.html
timeToFirstContentfulPaint,ms,6342.162,1,6342.162,6342.162,0,6342.162,armeabi-v7a,loading.mobile,2019-05-13 19:43:25,,,02cf35f5d023e161,loading.mobile 2019-05-13 19:43:25,,,android,M,,Live,1,2019-05-13 19:48:51,file:///home/ehsan/chromium/src/tools/perf/Live_2019-05-14_00-48-51_24581.html
timeToFirstContentfulPaint:style,ms,224.249,1,224.249,224.249,0,224.249,armeabi-v7a,loading.mobile,2019-05-13 19:43:25,,,02cf35f5d023e161,loading.mobile 2019-05-13 19:43:25,,,android,M,,4Chan,1,2019-05-13 19:48:14,file:///home/ehsan/chromium/src/tools/perf/4Chan_2019-05-14_00-48-14_36044.html
timeToFirstContentfulPaint,ms,7853.219,1,7853.219,7853.219,0,7853.219,armeabi-v7a,loading.mobile,2019-05-13 19:43:25,,,02cf35f5d023e161,loading.mobile 2019-05-13 19:43:25,,,android,M,,Trello,0,2019-05-13 19:43:28,file:///home/ehsan/chromium/src/tools/perf/Trello_2019-05-14_00-43-28_92030.html
timeToFirstContentfulPaint:idle,ms,2310.144,1,2310.144,2310.144,0,2310.144,armeabi-v7a,loading.mobile,2019-05-13 19:43:25,,,02cf35f5d023e161,loading.mobile 2019-05-13 19:43:25,,,android,M,,4Chan,0,2019-05-13 19:45:13,file:///home/ehsan/chromium/src/tools/perf/4Chan_2019-05-14_00-45-13_62093.html
timeToFirstContentfulPaint:raster,ms,0,1,0,0,0,0,armeabi-v7a,loading.mobile,2019-05-13 19:43:25,,,02cf35f5d023e161,loading.mobile 2019-05-13 19:43:25,,,android,M,,Paypal,1,2019-05-13 19:47:24,file:///home/ehsan/chromium/src/tools/perf/Paypal_2019-05-14_00-47-24_75676.html
timeToFirstCpuIdle,ms,,0,-Infinity,Infinity,,0,armeabi-v7a,loading.mobile,2019-05-13 19:43:25,,,02cf35f5d023e161,loading.mobile 2019-05-13 19:43:25,,,android,M,,4Chan,1,2019-05-13 19:48:14,file:///home/ehsan/chromium/src/tools/perf/4Chan_2019-05-14_00-48-14_36044.html
timeToFirstContentfulPaint:gc,ms,0,1,0,0,0,0,armeabi-v7a,loading.mobile,2019-05-13 19:43:25,,,02cf35f5d023e161,loading.mobile 2019-05-13 19:43:25,,,android,M,,Live,1,2019-05-13 19:48:51,file:///home/ehsan/chromium/src/tools/perf/Live_2019-05-14_00-48-51_24581.html
timeToFirstContentfulPaint:composite,ms,5.443,1,5.443,5.443,0,5.443,armeabi-v7a,loading.mobile,2019-05-13 19:43:25,,,02cf35f5d023e161,loading.mobile 2019-05-13 19:43:25,,,android,M,,Live,1,2019-05-13 19:48:51,file:///home/ehsan/chromium/src/tools/perf/Live_2019-05-14_00-48-51_24581.html
timeToFirstContentfulPaint:net,ms,0,1,0,0,0,0,armeabi-v7a,loading.mobile,2019-05-13 19:43:25,,,02cf35f5d023e161,loading.mobile 2019-05-13 19:43:25,,,android,M,,4Chan,1,2019-05-13 19:48:14,file:///home/ehsan/chromium/src/tools/perf/4Chan_2019-05-14_00-48-14_36044.html
timeToFirstContentfulPaint:gc,ms,0,1,0,0,0,0,armeabi-v7a,loading.mobile,2019-05-13 19:43:25,,,02cf35f5d023e161,loading.mobile 2019-05-13 19:43:25,,,android,M,,Paypal,1,2019-05-13 19:47:24,file:///home/ehsan/chromium/src/tools/perf/Paypal_2019-05-14_00-47-24_75676.html
timeToFirstContentfulPaint:v8_runtime,ms,0,1,0,0,0,0,armeabi-v7a,loading.mobile,2019-05-13 19:43:25,,,02cf35f5d023e161,loading.mobile 2019-05-13 19:43:25,,,android,M,,4Chan,1,2019-05-13 19:48:14,file:///home/ehsan/chromium/src/tools/perf/4Chan_2019-05-14_00-48-14_36044.html
timeToFirstContentfulPaint:other,ms,3488.122,1,3488.122,3488.122,0,3488.122,armeabi-v7a,loading.mobile,2019-05-13 19:43:25,,,02cf35f5d023e161,loading.mobile 2019-05-13 19:43:25,,,android,M,,Live,0,2019-05-13 19:45:48,file:///home/ehsan/chromium/src/tools/perf/Live_2019-05-14_00-45-48_66596.html
timeToFirstContentfulPaint:layout,ms,264.001,1,264.001,264.001,0,264.001,armeabi-v7a,loading.mobile,2019-05-13 19:43:25,,,02cf35f5d023e161,loading.mobile 2019-05-13 19:43:25,,,android,M,,Trello,1,2019-05-13 19:46:27,file:///home/ehsan/chromium/src/tools/perf/Trello_2019-05-14_00-46-27_37430.html
loadingMetric_duration,ms,106,1,106,106,0,106,armeabi-v7a,loading.mobile,2019-05-13 19:43:25,,,02cf35f5d023e161,loading.mobile 2019-05-13 19:43:25,,,android,M,,Paypal,0,2019-05-13 19:44:22,file:///home/ehsan/chromium/src/tools/perf/Paypal_2019-05-14_00-44-22_15936.html
timeToFirstPaint,ms,7853.204,1,7853.204,7853.204,0,7853.204,armeabi-v7a,loading.mobile,2019-05-13 19:43:25,,,02cf35f5d023e161,loading.mobile 2019-05-13 19:43:25,,,android,M,,Trello,0,2019-05-13 19:43:28,file:///home/ehsan/chromium/src/tools/perf/Trello_2019-05-14_00-43-28_92030.html
timeToFirstContentfulPaint:input,ms,0,1,0,0,0,0,armeabi-v7a,loading.mobile,2019-05-13 19:43:25,,,02cf35f5d023e161,loading.mobile 2019-05-13 19:43:25,,,android,M,,Trello,0,2019-05-13 19:43:28,file:///home/ehsan/chromium/src/tools/perf/Trello_2019-05-14_00-43-28_92030.html
timeToFirstContentfulPaint:overhead,ms,0,1,0,0,0,0,armeabi-v7a,loading.mobile,2019-05-13 19:43:25,,,02cf35f5d023e161,loading.mobile 2019-05-13 19:43:25,,,android,M,,Live,0,2019-05-13 19:45:48,file:///home/ehsan/chromium/src/tools/perf/Live_2019-05-14_00-45-48_66596.html
timeToFirstContentfulPaint:gc,ms,0,1,0,0,0,0,armeabi-v7a,loading.mobile,2019-05-13 19:43:25,,,02cf35f5d023e161,loading.mobile 2019-05-13 19:43:25,,,android,M,,4Chan,1,2019-05-13 19:48:14,file:///home/ehsan/chromium/src/tools/perf/4Chan_2019-05-14_00-48-14_36044.html
timeToFirstContentfulPaint:v8_runtime,ms,0,1,0,0,0,0,armeabi-v7a,loading.mobile,2019-05-13 19:43:25,,,02cf35f5d023e161,loading.mobile 2019-05-13 19:43:25,,,android,M,,Trello,0,2019-05-13 19:43:28,file:///home/ehsan/chromium/src/tools/perf/Trello_2019-05-14_00-43-28_92030.html
metrics_duration,ms,3741.68,1,3741.68,3741.68,0,3741.68,armeabi-v7a,loading.mobile,2019-05-13 19:43:25,,,02cf35f5d023e161,loading.mobile 2019-05-13 19:43:25,,,android,M,,Paypal,1,2019-05-13 19:47:24,file:///home/ehsan/chromium/src/tools/perf/Paypal_2019-05-14_00-47-24_75676.html
timeToFirstContentfulPaint:idle,ms,2081.236,1,2081.236,2081.236,0,2081.236,armeabi-v7a,loading.mobile,2019-05-13 19:43:25,,,02cf35f5d023e161,loading.mobile 2019-05-13 19:43:25,,,android,M,,Live,0,2019-05-13 19:45:48,file:///home/ehsan/chromium/src/tools/perf/Live_2019-05-14_00-45-48_66596.html
timeToFirstContentfulPaint:parseHTML,ms,1244.439,1,1244.439,1244.439,0,1244.439,armeabi-v7a,loading.mobile,2019-05-13 19:43:25,,,02cf35f5d023e161,loading.mobile 2019-05-13 19:43:25,,,android,M,,Trello,0,2019-05-13 19:43:28,file:///home/ehsan/chromium/src/tools/perf/Trello_2019-05-14_00-43-28_92030.html
timeToFirstContentfulPaint:other,ms,998.54,1,998.54,998.54,0,998.54,armeabi-v7a,loading.mobile,2019-05-13 19:43:25,,,02cf35f5d023e161,loading.mobile 2019-05-13 19:43:25,,,android,M,,4Chan,1,2019-05-13 19:48:14,file:///home/ehsan/chromium/src/tools/perf/4Chan_2019-05-14_00-48-14_36044.html
timeToFirstContentfulPaint:raster,ms,0,1,0,0,0,0,armeabi-v7a,loading.mobile,2019-05-13 19:43:25,,,02cf35f5d023e161,loading.mobile 2019-05-13 19:43:25,,,android,M,,Paypal,0,2019-05-13 19:44:22,file:///home/ehsan/chromium/src/tools/perf/Paypal_2019-05-14_00-44-22_15936.html
metrics_duration,ms,4266.273,1,4266.273,4266.273,0,4266.273,armeabi-v7a,loading.mobile,2019-05-13 19:43:25,,,02cf35f5d023e161,loading.mobile 2019-05-13 19:43:25,,,android,M,,Trello,0,2019-05-13 19:43:28,file:///home/ehsan/chromium/src/tools/perf/Trello_2019-05-14_00-43-28_92030.html
timeToFirstContentfulPaint:input,ms,0,1,0,0,0,0,armeabi-v7a,loading.mobile,2019-05-13 19:43:25,,,02cf35f5d023e161,loading.mobile 2019-05-13 19:43:25,,,android,M,,Paypal,1,2019-05-13 19:47:24,file:///home/ehsan/chromium/src/tools/perf/Paypal_2019-05-14_00-47-24_75676.html
metrics_duration,ms,3308.905,1,3308.905,3308.905,0,3308.905,armeabi-v7a,loading.mobile,2019-05-13 19:43:25,,,02cf35f5d023e161,loading.mobile 2019-05-13 19:43:25,,,android,M,,4Chan,0,2019-05-13 19:45:13,file:///home/ehsan/chromium/src/tools/perf/4Chan_2019-05-14_00-45-13_62093.html
timeToFirstContentfulPaint:blocked_on_network,ms,1.5,1,1.5,1.5,0,1.5,armeabi-v7a,loading.mobile,2019-05-13 19:43:25,,,02cf35f5d023e161,loading.mobile 2019-05-13 19:43:25,,,android,M,,Trello,1,2019-05-13 19:46:27,file:///home/ehsan/chromium/src/tools/perf/Trello_2019-05-14_00-46-27_37430.html
timeToFirstContentfulPaint:script_parse_and_compile,ms,0,1,0,0,0,0,armeabi-v7a,loading.mobile,2019-05-13 19:43:25,,,02cf35f5d023e161,loading.mobile 2019-05-13 19:43:25,,,android,M,,4Chan,1,2019-05-13 19:48:14,file:///home/ehsan/chromium/src/tools/perf/4Chan_2019-05-14_00-48-14_36044.html
timeToFirstContentfulPaint:composite,ms,0.641,1,0.641,0.641,0,0.641,armeabi-v7a,loading.mobile,2019-05-13 19:43:25,,,02cf35f5d023e161,loading.mobile 2019-05-13 19:43:25,,,android,M,,4Chan,1,2019-05-13 19:48:14,file:///home/ehsan/chromium/src/tools/perf/4Chan_2019-05-14_00-48-14_36044.html
timeToOnload,ms,5366.021,1,5366.021,5366.021,0,5366.021,armeabi-v7a,loading.mobile,2019-05-13 19:43:25,,,02cf35f5d023e161,loading.mobile 2019-05-13 19:43:25,,,android,M,,Live,1,2019-05-13 19:48:51,file:///home/ehsan/chromium/src/tools/perf/Live_2019-05-14_00-48-51_24581.html
timeToFirstContentfulPaint:gpu,ms,0,1,0,0,0,0,armeabi-v7a,loading.mobile,2019-05-13 19:43:25,,,02cf35f5d023e161,loading.mobile 2019-05-13 19:43:25,,,android,M,,Trello,0,2019-05-13 19:43:28,file:///home/ehsan/chromium/src/tools/perf/Trello_2019-05-14_00-43-28_92030.html
timeToFirstContentfulPaint:script_execute,ms,0,1,0,0,0,0,armeabi-v7a,loading.mobile,2019-05-13 19:43:25,,,02cf35f5d023e161,loading.mobile 2019-05-13 19:43:25,,,android,M,,Trello,1,2019-05-13 19:46:27,file:///home/ehsan/chromium/src/tools/perf/Trello_2019-05-14_00-46-27_37430.html
timeToFirstContentfulPaint:blocked_on_network,ms,24.263,1,24.263,24.263,0,24.263,armeabi-v7a,loading.mobile,2019-05-13 19:43:25,,,02cf35f5d023e161,loading.mobile 2019-05-13 19:43:25,,,android,M,,Paypal,1,2019-05-13 19:47:24,file:///home/ehsan/chromium/src/tools/perf/Paypal_2019-05-14_00-47-24_75676.html
timeToFirstContentfulPaint:net,ms,0,1,0,0,0,0,armeabi-v7a,loading.mobile,2019-05-13 19:43:25,,,02cf35f5d023e161,loading.mobile 2019-05-13 19:43:25,,,android,M,,Paypal,0,2019-05-13 19:44:22,file:///home/ehsan/chromium/src/tools/perf/Paypal_2019-05-14_00-44-22_15936.html
timeToFirstContentfulPaint:layout,ms,206.458,1,206.458,206.458,0,206.458,armeabi-v7a,loading.mobile,2019-05-13 19:43:25,,,02cf35f5d023e161,loading.mobile 2019-05-13 19:43:25,,,android,M,,Paypal,1,2019-05-13 19:47:24,file:///home/ehsan/chromium/src/tools/perf/Paypal_2019-05-14_00-47-24_75676.html
timeToFirstContentfulPaint:renderer_misc,ms,0,1,0,0,0,0,armeabi-v7a,loading.mobile,2019-05-13 19:43:25,,,02cf35f5d023e161,loading.mobile 2019-05-13 19:43:25,,,android,M,,Live,1,2019-05-13 19:48:51,file:///home/ehsan/chromium/src/tools/perf/Live_2019-05-14_00-48-51_24581.html
timeToFirstContentfulPaint:style,ms,195.692,1,195.692,195.692,0,195.692,armeabi-v7a,loading.mobile,2019-05-13 19:43:25,,,02cf35f5d023e161,loading.mobile 2019-05-13 19:43:25,,,android,M,,4Chan,0,2019-05-13 19:45:13,file:///home/ehsan/chromium/src/tools/perf/4Chan_2019-05-14_00-45-13_62093.html
timeToFirstMeaningfulPaint,ms,7548.128,1,7548.128,7548.128,0,7548.128,armeabi-v7a,loading.mobile,2019-05-13 19:43:25,,,02cf35f5d023e161,loading.mobile 2019-05-13 19:43:25,,,android,M,,Trello,1,2019-05-13 19:46:27,file:///home/ehsan/chromium/src/tools/perf/Trello_2019-05-14_00-46-27_37430.html
timeToFirstContentfulPaint:script_parse_and_compile,ms,0,1,0,0,0,0,armeabi-v7a,loading.mobile,2019-05-13 19:43:25,,,02cf35f5d023e161,loading.mobile 2019-05-13 19:43:25,,,android,M,,Live,0,2019-05-13 19:45:48,file:///home/ehsan/chromium/src/tools/perf/Live_2019-05-14_00-45-48_66596.html
timeToFirstContentfulPaint:v8_runtime,ms,0,1,0,0,0,0,armeabi-v7a,loading.mobile,2019-05-13 19:43:25,,,02cf35f5d023e161,loading.mobile 2019-05-13 19:43:25,,,android,M,,Live,1,2019-05-13 19:48:51,file:///home/ehsan/chromium/src/tools/perf/Live_2019-05-14_00-48-51_24581.html
timeToFirstContentfulPaint:resource_loading,ms,164.399,1,164.399,164.399,0,164.399,armeabi-v7a,loading.mobile,2019-05-13 19:43:25,,,02cf35f5d023e161,loading.mobile 2019-05-13 19:43:25,,,android,M,,Paypal,1,2019-05-13 19:47:24,file:///home/ehsan/chromium/src/tools/perf/Paypal_2019-05-14_00-47-24_75676.html
cpuTimeToFirstMeaningfulPaint,ms,1955.826,1,1955.826,1955.826,0,1955.826,armeabi-v7a,loading.mobile,2019-05-13 19:43:25,,,02cf35f5d023e161,loading.mobile 2019-05-13 19:43:25,,,android,M,,Trello,1,2019-05-13 19:46:27,file:///home/ehsan/chromium/src/tools/perf/Trello_2019-05-14_00-46-27_37430.html
timeToFirstContentfulPaint:script_execute,ms,0,1,0,0,0,0,armeabi-v7a,loading.mobile,2019-05-13 19:43:25,,,02cf35f5d023e161,loading.mobile 2019-05-13 19:43:25,,,android,M,,Trello,0,2019-05-13 19:43:28,file:///home/ehsan/chromium/src/tools/perf/Trello_2019-05-14_00-43-28_92030.html
timeToFirstContentfulPaint:blocked_on_network,ms,73.535,1,73.535,73.535,0,73.535,armeabi-v7a,loading.mobile,2019-05-13 19:43:25,,,02cf35f5d023e161,loading.mobile 2019-05-13 19:43:25,,,android,M,,Live,1,2019-05-13 19:48:51,file:///home/ehsan/chromium/src/tools/perf/Live_2019-05-14_00-48-51_24581.html
timeToOnload,ms,16574.693,1,16574.693,16574.693,0,16574.693,armeabi-v7a,loading.mobile,2019-05-13 19:43:25,,,02cf35f5d023e161,loading.mobile 2019-05-13 19:43:25,,,android,M,,Trello,0,2019-05-13 19:43:28,file:///home/ehsan/chromium/src/tools/perf/Trello_2019-05-14_00-43-28_92030.html
timeToFirstContentfulPaint:script_execute,ms,0,1,0,0,0,0,armeabi-v7a,loading.mobile,2019-05-13 19:43:25,,,02cf35f5d023e161,loading.mobile 2019-05-13 19:43:25,,,android,M,,Paypal,1,2019-05-13 19:47:24,file:///home/ehsan/chromium/src/tools/perf/Paypal_2019-05-14_00-47-24_75676.html
timeToFirstCpuIdle,ms,,0,-Infinity,Infinity,,0,armeabi-v7a,loading.mobile,2019-05-13 19:43:25,,,02cf35f5d023e161,loading.mobile 2019-05-13 19:43:25,,,android,M,,Live,0,2019-05-13 19:45:48,file:///home/ehsan/chromium/src/tools/perf/Live_2019-05-14_00-45-48_66596.html
metrics_duration,ms,3330.086,1,3330.086,3330.086,0,3330.086,armeabi-v7a,loading.mobile,2019-05-13 19:43:25,,,02cf35f5d023e161,loading.mobile 2019-05-13 19:43:25,,,android,M,,Paypal,0,2019-05-13 19:44:22,file:///home/ehsan/chromium/src/tools/perf/Paypal_2019-05-14_00-44-22_15936.html
timeToFirstViewportReady,ms,,0,-Infinity,Infinity,,0,armeabi-v7a,loading.mobile,2019-05-13 19:43:25,,,02cf35f5d023e161,loading.mobile 2019-05-13 19:43:25,,,android,M,,4Chan,1,2019-05-13 19:48:14,file:///home/ehsan/chromium/src/tools/perf/4Chan_2019-05-14_00-48-14_36044.html
cpuTimeToFirstMeaningfulPaint,ms,1958.253,1,1958.253,1958.253,0,1958.253,armeabi-v7a,loading.mobile,2019-05-13 19:43:25,,,02cf35f5d023e161,loading.mobile 2019-05-13 19:43:25,,,android,M,,Trello,0,2019-05-13 19:43:28,file:///home/ehsan/chromium/src/tools/perf/Trello_2019-05-14_00-43-28_92030.html
cpuTimeToFirstMeaningfulPaint,ms,1118.944,1,1118.944,1118.944,0,1118.944,armeabi-v7a,loading.mobile,2019-05-13 19:43:25,,,02cf35f5d023e161,loading.mobile 2019-05-13 19:43:25,,,android,M,,Paypal,0,2019-05-13 19:44:22,file:///home/ehsan/chromium/src/tools/perf/Paypal_2019-05-14_00-44-22_15936.html
timeToFirstContentfulPaint:blocked_on_network,ms,55.144,1,55.144,55.144,0,55.144,armeabi-v7a,loading.mobile,2019-05-13 19:43:25,,,02cf35f5d023e161,loading.mobile 2019-05-13 19:43:25,,,android,M,,Paypal,0,2019-05-13 19:44:22,file:///home/ehsan/chromium/src/tools/perf/Paypal_2019-05-14_00-44-22_15936.html
loadingMetric_duration,ms,85,1,85,85,0,85,armeabi-v7a,loading.mobile,2019-05-13 19:43:25,,,02cf35f5d023e161,loading.mobile 2019-05-13 19:43:25,,,android,M,,4Chan,1,2019-05-13 19:48:14,file:///home/ehsan/chromium/src/tools/perf/4Chan_2019-05-14_00-48-14_36044.html
aboveTheFoldLoadedToVisible,ms,,0,-Infinity,Infinity,,0,armeabi-v7a,loading.mobile,2019-05-13 19:43:25,,,02cf35f5d023e161,loading.mobile 2019-05-13 19:43:25,,,android,M,,4Chan,1,2019-05-13 19:48:14,file:///home/ehsan/chromium/src/tools/perf/4Chan_2019-05-14_00-48-14_36044.html
timeToFirstCpuIdle,ms,,0,-Infinity,Infinity,,0,armeabi-v7a,loading.mobile,2019-05-13 19:43:25,,,02cf35f5d023e161,loading.mobile 2019-05-13 19:43:25,,,android,M,,Trello,0,2019-05-13 19:43:28,file:///home/ehsan/chromium/src/tools/perf/Trello_2019-05-14_00-43-28_92030.html
cpuTimeToFirstContentfulPaint,ms,2006.339,1,2006.339,2006.339,0,2006.339,armeabi-v7a,loading.mobile,2019-05-13 19:43:25,,,02cf35f5d023e161,loading.mobile 2019-05-13 19:43:25,,,android,M,,Live,1,2019-05-13 19:48:51,file:///home/ehsan/chromium/src/tools/perf/Live_2019-05-14_00-48-51_24581.html
timeToFirstContentfulPaint:imageDecode,ms,0,1,0,0,0,0,armeabi-v7a,loading.mobile,2019-05-13 19:43:25,,,02cf35f5d023e161,loading.mobile 2019-05-13 19:43:25,,,android,M,,4Chan,0,2019-05-13 19:45:13,file:///home/ehsan/chromium/src/tools/perf/4Chan_2019-05-14_00-45-13_62093.html
timeToFirstContentfulPaint:gc,ms,0,1,0,0,0,0,armeabi-v7a,loading.mobile,2019-05-13 19:43:25,,,02cf35f5d023e161,loading.mobile 2019-05-13 19:43:25,,,android,M,,4Chan,0,2019-05-13 19:45:13,file:///home/ehsan/chromium/src/tools/perf/4Chan_2019-05-14_00-45-13_62093.html
trace_import_duration,ms,3282.144,1,3282.144,3282.144,0,3282.144,armeabi-v7a,loading.mobile,2019-05-13 19:43:25,,,02cf35f5d023e161,loading.mobile 2019-05-13 19:43:25,,,android,M,,4Chan,1,2019-05-13 19:48:14,file:///home/ehsan/chromium/src/tools/perf/4Chan_2019-05-14_00-48-14_36044.html
loadingMetric_duration,ms,71,1,71,71,0,71,armeabi-v7a,loading.mobile,2019-05-13 19:43:25,,,02cf35f5d023e161,loading.mobile 2019-05-13 19:43:25,,,android,M,,Live,1,2019-05-13 19:48:51,file:///home/ehsan/chromium/src/tools/perf/Live_2019-05-14_00-48-51_24581.html
timeToFirstContentfulPaint,ms,7548.113,1,7548.113,7548.113,0,7548.113,armeabi-v7a,loading.mobile,2019-05-13 19:43:25,,,02cf35f5d023e161,loading.mobile 2019-05-13 19:43:25,,,android,M,,Trello,1,2019-05-13 19:46:27,file:///home/ehsan/chromium/src/tools/perf/Trello_2019-05-14_00-46-27_37430.html
trace_import_duration,ms,4167.273,1,4167.273,4167.273,0,4167.273,armeabi-v7a,loading.mobile,2019-05-13 19:43:25,,,02cf35f5d023e161,loading.mobile 2019-05-13 19:43:25,,,android,M,,Trello,0,2019-05-13 19:43:28,file:///home/ehsan/chromium/src/tools/perf/Trello_2019-05-14_00-43-28_92030.html
timeToFirstContentfulPaint:input,ms,0,1,0,0,0,0,armeabi-v7a,loading.mobile,2019-05-13 19:43:25,,,02cf35f5d023e161,loading.mobile 2019-05-13 19:43:25,,,android,M,,4Chan,1,2019-05-13 19:48:14,file:///home/ehsan/chromium/src/tools/perf/4Chan_2019-05-14_00-48-14_36044.html
timeToFirstContentfulPaint:gc,ms,0,1,0,0,0,0,armeabi-v7a,loading.mobile,2019-05-13 19:43:25,,,02cf35f5d023e161,loading.mobile 2019-05-13 19:43:25,,,android,M,,Live,0,2019-05-13 19:45:48,file:///home/ehsan/chromium/src/tools/perf/Live_2019-05-14_00-45-48_66596.html
metrics_duration,ms,3378.144,1,3378.144,3378.144,0,3378.144,armeabi-v7a,loading.mobile,2019-05-13 19:43:25,,,02cf35f5d023e161,loading.mobile 2019-05-13 19:43:25,,,android,M,,4Chan,1,2019-05-13 19:48:14,file:///home/ehsan/chromium/src/tools/perf/4Chan_2019-05-14_00-48-14_36044.html
timeToFirstContentfulPaint:gpu,ms,0,1,0,0,0,0,armeabi-v7a,loading.mobile,2019-05-13 19:43:25,,,02cf35f5d023e161,loading.mobile 2019-05-13 19:43:25,,,android,M,,Live,0,2019-05-13 19:45:48,file:///home/ehsan/chromium/src/tools/perf/Live_2019-05-14_00-45-48_66596.html
timeToFirstPaint,ms,7548.097,1,7548.097,7548.097,0,7548.097,armeabi-v7a,loading.mobile,2019-05-13 19:43:25,,,02cf35f5d023e161,loading.mobile 2019-05-13 19:43:25,,,android,M,,Trello,1,2019-05-13 19:46:27,file:///home/ehsan/chromium/src/tools/perf/Trello_2019-05-14_00-46-27_37430.html
timeToOnload,ms,3530.901,1,3530.901,3530.901,0,3530.901,armeabi-v7a,loading.mobile,2019-05-13 19:43:25,,,02cf35f5d023e161,loading.mobile 2019-05-13 19:43:25,,,android,M,,4Chan,0,2019-05-13 19:45:13,file:///home/ehsan/chromium/src/tools/perf/4Chan_2019-05-14_00-45-13_62093.html
timeToFirstContentfulPaint:startup,ms,9.082,1,9.082,9.082,0,9.082,armeabi-v7a,loading.mobile,2019-05-13 19:43:25,,,02cf35f5d023e161,loading.mobile 2019-05-13 19:43:25,,,android,M,,Paypal,0,2019-05-13 19:44:22,file:///home/ehsan/chromium/src/tools/perf/Paypal_2019-05-14_00-44-22_15936.html
timeToFirstContentfulPaint:imageDecode,ms,0,1,0,0,0,0,armeabi-v7a,loading.mobile,2019-05-13 19:43:25,,,02cf35f5d023e161,loading.mobile 2019-05-13 19:43:25,,,android,M,,Trello,0,2019-05-13 19:43:28,file:///home/ehsan/chromium/src/tools/perf/Trello_2019-05-14_00-43-28_92030.html
timeToFirstContentfulPaint:net,ms,0,1,0,0,0,0,armeabi-v7a,loading.mobile,2019-05-13 19:43:25,,,02cf35f5d023e161,loading.mobile 2019-05-13 19:43:25,,,android,M,,Trello,0,2019-05-13 19:43:28,file:///home/ehsan/chromium/src/tools/perf/Trello_2019-05-14_00-43-28_92030.html
aboveTheFoldLoadedToVisible,ms,,0,-Infinity,Infinity,,0,armeabi-v7a,loading.mobile,2019-05-13 19:43:25,,,02cf35f5d023e161,loading.mobile 2019-05-13 19:43:25,,,android,M,,Live,1,2019-05-13 19:48:51,file:///home/ehsan/chromium/src/tools/perf/Live_2019-05-14_00-48-51_24581.html
timeToFirstMeaningfulPaint,ms,6342.17,1,6342.17,6342.17,0,6342.17,armeabi-v7a,loading.mobile,2019-05-13 19:43:25,,,02cf35f5d023e161,loading.mobile 2019-05-13 19:43:25,,,android,M,,Live,1,2019-05-13 19:48:51,file:///home/ehsan/chromium/src/tools/perf/Live_2019-05-14_00-48-51_24581.html
timeToFirstContentfulPaint:composite,ms,0.706,1,0.706,0.706,0,0.706,armeabi-v7a,loading.mobile,2019-05-13 19:43:25,,,02cf35f5d023e161,loading.mobile 2019-05-13 19:43:25,,,android,M,,Paypal,1,2019-05-13 19:47:24,file:///home/ehsan/chromium/src/tools/perf/Paypal_2019-05-14_00-47-24_75676.html
aboveTheFoldLoadedToVisible,ms,,0,-Infinity,Infinity,,0,armeabi-v7a,loading.mobile,2019-05-13 19:43:25,,,02cf35f5d023e161,loading.mobile 2019-05-13 19:43:25,,,android,M,,Paypal,1,2019-05-13 19:47:24,file:///home/ehsan/chromium/src/tools/perf/Paypal_2019-05-14_00-47-24_75676.html
